conductor,insulation,method,cores,size_mm2,amps,source
Cu,PVC,A1,2,1.5,14.5,"IEC 60364-5-52:2009 Table B.52.2, method A1, values as reproduced in IS 732:2019 Table 21"
Cu,PVC,A2,2,1.5,14,"IEC 60364-5-52:2009 Table B.52.2, method A2, values as reproduced in IS 732:2019 Table 21"
Cu,PVC,B1,2,1.5,17.5,"IEC 60364-5-52:2009 Table B.52.2, method B1, values as reproduced in IS 732:2019 Table 21"
Cu,PVC,B2,2,1.5,16.5,"IEC 60364-5-52:2009 Table B.52.2, method B2, values as reproduced in IS 732:2019 Table 21"
Cu,PVC,C,2,1.5,19.5,"IEC 60364-5-52:2009 Table B.52.2, method C, values as reproduced in IS 732:2019 Table 21"
Cu,PVC,D1,2,1.5,22,"IEC 60364-5-52:2009 Table B.52.2, method D1, values as reproduced in IS 732:2019 Table 21"
Cu,PVC,D2,2,1.5,22,"IEC 60364-5-52:2009 Table B.52.2, method D2, values as reproduced in IS 732:2019 Table 21"
Cu,PVC,A1,2,2.5,19.5,"IEC 60364-5-52:2009 Table B.52.2, method A1, values as reproduced in IS 732:2019 Table 21"
Cu,PVC,A2,2,2.5,18.5,"IEC 60364-5-52:2009 Table B.52.2, method A2, values as reproduced in IS 732:2019 Table 21"
Cu,PVC,B1,2,2.5,24,"IEC 60364-5-52:2009 Table B.52.2, method B1, values as reproduced in IS 732:2019 Table 21"
Cu,PVC,B2,2,2.5,23,"IEC 60364-5-52:2009 Table B.52.2, method B2, values as reproduced in IS 732:2019 Table 21"
Cu,PVC,C,2,2.5,27,"IEC 60364-5-52:2009 Table B.52.2, method C, values as reproduced in IS 732:2019 Table 21"
Cu,PVC,D1,2,2.5,29,"IEC 60364-5-52:2009 Table B.52.2, method D1, values as reproduced in IS 732:2019 Table 21"
Cu,PVC,D2,2,2.5,28,"IEC 60364-5-52:2009 Table B.52.2, method D2, values as reproduced in IS 732:2019 Table 21"
Cu,PVC,A1,2,4,26,"IEC 60364-5-52:2009 Table B.52.2, method A1, values as reproduced in IS 732:2019 Table 21"
Cu,PVC,A2,2,4,25,"IEC 60364-5-52:2009 Table B.52.2, method A2, values as reproduced in IS 732:2019 Table 21"
Cu,PVC,B1,2,4,32,"IEC 60364-5-52:2009 Table B.52.2, method B1, values as reproduced in IS 732:2019 Table 21"
Cu,PVC,B2,2,4,30,"IEC 60364-5-52:2009 Table B.52.2, method B2, values as reproduced in IS 732:2019 Table 21"
Cu,PVC,C,2,4,36,"IEC 60364-5-52:2009 Table B.52.2, method C, values as reproduced in IS 732:2019 Table 21"
Cu,PVC,D1,2,4,37,"IEC 60364-5-52:2009 Table B.52.2, method D1, values as reproduced in IS 732:2019 Table 21"
Cu,PVC,D2,2,4,38,"IEC 60364-5-52:2009 Table B.52.2, method D2, values as reproduced in IS 732:2019 Table 21"
Cu,PVC,A1,2,6,34,"IEC 60364-5-52:2009 Table B.52.2, method A1, values as reproduced in IS 732:2019 Table 21"
Cu,PVC,A2,2,6,32,"IEC 60364-5-52:2009 Table B.52.2, method A2, values as reproduced in IS 732:2019 Table 21"
Cu,PVC,B1,2,6,41,"IEC 60364-5-52:2009 Table B.52.2, method B1, values as reproduced in IS 732:2019 Table 21"
Cu,PVC,B2,2,6,38,"IEC 60364-5-52:2009 Table B.52.2, method B2, values as reproduced in IS 732:2019 Table 21"
Cu,PVC,C,2,6,46,"IEC 60364-5-52:2009 Table B.52.2, method C, values as reproduced in IS 732:2019 Table 21"
Cu,PVC,D1,2,6,46,"IEC 60364-5-52:2009 Table B.52.2, method D1, values as reproduced in IS 732:2019 Table 21"
Cu,PVC,D2,2,6,48,"IEC 60364-5-52:2009 Table B.52.2, method D2, values as reproduced in IS 732:2019 Table 21"
Cu,PVC,A1,2,10,46,"IEC 60364-5-52:2009 Table B.52.2, method A1, values as reproduced in IS 732:2019 Table 21"
Cu,PVC,A2,2,10,43,"IEC 60364-5-52:2009 Table B.52.2, method A2, values as reproduced in IS 732:2019 Table 21"
Cu,PVC,B1,2,10,57,"IEC 60364-5-52:2009 Table B.52.2, method B1, values as reproduced in IS 732:2019 Table 21"
Cu,PVC,B2,2,10,52,"IEC 60364-5-52:2009 Table B.52.2, method B2, values as reproduced in IS 732:2019 Table 21"
Cu,PVC,C,2,10,63,"IEC 60364-5-52:2009 Table B.52.2, method C, values as reproduced in IS 732:2019 Table 21"
Cu,PVC,D1,2,10,60,"IEC 60364-5-52:2009 Table B.52.2, method D1, values as reproduced in IS 732:2019 Table 21"
Cu,PVC,D2,2,10,64,"IEC 60364-5-52:2009 Table B.52.2, method D2, values as reproduced in IS 732:2019 Table 21"
Cu,PVC,A1,2,16,61,"IEC 60364-5-52:2009 Table B.52.2, method A1, values as reproduced in IS 732:2019 Table 21"
Cu,PVC,A2,2,16,57,"IEC 60364-5-52:2009 Table B.52.2, method A2, values as reproduced in IS 732:2019 Table 21"
Cu,PVC,B1,2,16,76,"IEC 60364-5-52:2009 Table B.52.2, method B1, values as reproduced in IS 732:2019 Table 21"
Cu,PVC,B2,2,16,69,"IEC 60364-5-52:2009 Table B.52.2, method B2, values as reproduced in IS 732:2019 Table 21"
Cu,PVC,C,2,16,85,"IEC 60364-5-52:2009 Table B.52.2, method C, values as reproduced in IS 732:2019 Table 21"
Cu,PVC,D1,2,16,78,"IEC 60364-5-52:2009 Table B.52.2, method D1, values as reproduced in IS 732:2019 Table 21"
Cu,PVC,D2,2,16,83,"IEC 60364-5-52:2009 Table B.52.2, method D2, values as reproduced in IS 732:2019 Table 21"
Cu,PVC,A1,2,25,80,"IEC 60364-5-52:2009 Table B.52.2, method A1, values as reproduced in IS 732:2019 Table 21"
Cu,PVC,A2,2,25,75,"IEC 60364-5-52:2009 Table B.52.2, method A2, values as reproduced in IS 732:2019 Table 21"
Cu,PVC,B1,2,25,101,"IEC 60364-5-52:2009 Table B.52.2, method B1, values as reproduced in IS 732:2019 Table 21"
Cu,PVC,B2,2,25,90,"IEC 60364-5-52:2009 Table B.52.2, method B2, values as reproduced in IS 732:2019 Table 21"
Cu,PVC,C,2,25,112,"IEC 60364-5-52:2009 Table B.52.2, method C, values as reproduced in IS 732:2019 Table 21"
Cu,PVC,D1,2,25,99,"IEC 60364-5-52:2009 Table B.52.2, method D1, values as reproduced in IS 732:2019 Table 21"
Cu,PVC,D2,2,25,110,"IEC 60364-5-52:2009 Table B.52.2, method D2, values as reproduced in IS 732:2019 Table 21"
Cu,PVC,A1,2,35,99,"IEC 60364-5-52:2009 Table B.52.2, method A1, values as reproduced in IS 732:2019 Table 21"
Cu,PVC,A2,2,35,92,"IEC 60364-5-52:2009 Table B.52.2, method A2, values as reproduced in IS 732:2019 Table 21"
Cu,PVC,B1,2,35,125,"IEC 60364-5-52:2009 Table B.52.2, method B1, values as reproduced in IS 732:2019 Table 21"
Cu,PVC,B2,2,35,111,"IEC 60364-5-52:2009 Table B.52.2, method B2, values as reproduced in IS 732:2019 Table 21"
Cu,PVC,C,2,35,138,"IEC 60364-5-52:2009 Table B.52.2, method C, values as reproduced in IS 732:2019 Table 21"
Cu,PVC,D1,2,35,119,"IEC 60364-5-52:2009 Table B.52.2, method D1, values as reproduced in IS 732:2019 Table 21"
Cu,PVC,D2,2,35,132,"IEC 60364-5-52:2009 Table B.52.2, method D2, values as reproduced in IS 732:2019 Table 21"
Cu,PVC,A1,2,50,119,"IEC 60364-5-52:2009 Table B.52.2, method A1, values as reproduced in IS 732:2019 Table 21"
Cu,PVC,A2,2,50,110,"IEC 60364-5-52:2009 Table B.52.2, method A2, values as reproduced in IS 732:2019 Table 21"
Cu,PVC,B1,2,50,151,"IEC 60364-5-52:2009 Table B.52.2, method B1, values as reproduced in IS 732:2019 Table 21"
Cu,PVC,B2,2,50,133,"IEC 60364-5-52:2009 Table B.52.2, method B2, values as reproduced in IS 732:2019 Table 21"
Cu,PVC,C,2,50,168,"IEC 60364-5-52:2009 Table B.52.2, method C, values as reproduced in IS 732:2019 Table 21"
Cu,PVC,D1,2,50,140,"IEC 60364-5-52:2009 Table B.52.2, method D1, values as reproduced in IS 732:2019 Table 21"
Cu,PVC,D2,2,50,156,"IEC 60364-5-52:2009 Table B.52.2, method D2, values as reproduced in IS 732:2019 Table 21"
Cu,PVC,A1,2,70,151,"IEC 60364-5-52:2009 Table B.52.2, method A1, values as reproduced in IS 732:2019 Table 21"
Cu,PVC,A2,2,70,139,"IEC 60364-5-52:2009 Table B.52.2, method A2, values as reproduced in IS 732:2019 Table 21"
Cu,PVC,B1,2,70,192,"IEC 60364-5-52:2009 Table B.52.2, method B1, values as reproduced in IS 732:2019 Table 21"
Cu,PVC,B2,2,70,168,"IEC 60364-5-52:2009 Table B.52.2, method B2, values as reproduced in IS 732:2019 Table 21"
Cu,PVC,C,2,70,213,"IEC 60364-5-52:2009 Table B.52.2, method C, values as reproduced in IS 732:2019 Table 21"
Cu,PVC,D1,2,70,173,"IEC 60364-5-52:2009 Table B.52.2, method D1, values as reproduced in IS 732:2019 Table 21"
Cu,PVC,D2,2,70,192,"IEC 60364-5-52:2009 Table B.52.2, method D2, values as reproduced in IS 732:2019 Table 21"
Cu,PVC,A1,2,95,182,"IEC 60364-5-52:2009 Table B.52.2, method A1, values as reproduced in IS 732:2019 Table 21"
Cu,PVC,A2,2,95,167,"IEC 60364-5-52:2009 Table B.52.2, method A2, values as reproduced in IS 732:2019 Table 21"
Cu,PVC,B1,2,95,232,"IEC 60364-5-52:2009 Table B.52.2, method B1, values as reproduced in IS 732:2019 Table 21"
Cu,PVC,B2,2,95,201,"IEC 60364-5-52:2009 Table B.52.2, method B2, values as reproduced in IS 732:2019 Table 21"
Cu,PVC,C,2,95,258,"IEC 60364-5-52:2009 Table B.52.2, method C, values as reproduced in IS 732:2019 Table 21"
Cu,PVC,D1,2,95,204,"IEC 60364-5-52:2009 Table B.52.2, method D1, values as reproduced in IS 732:2019 Table 21"
Cu,PVC,D2,2,95,230,"IEC 60364-5-52:2009 Table B.52.2, method D2, values as reproduced in IS 732:2019 Table 21"
Cu,PVC,A1,2,120,210,"IEC 60364-5-52:2009 Table B.52.2, method A1, values as reproduced in IS 732:2019 Table 21"
Cu,PVC,A2,2,120,192,"IEC 60364-5-52:2009 Table B.52.2, method A2, values as reproduced in IS 732:2019 Table 21"
Cu,PVC,B1,2,120,269,"IEC 60364-5-52:2009 Table B.52.2, method B1, values as reproduced in IS 732:2019 Table 21"
Cu,PVC,B2,2,120,232,"IEC 60364-5-52:2009 Table B.52.2, method B2, values as reproduced in IS 732:2019 Table 21"
Cu,PVC,C,2,120,299,"IEC 60364-5-52:2009 Table B.52.2, method C, values as reproduced in IS 732:2019 Table 21"
Cu,PVC,D1,2,120,231,"IEC 60364-5-52:2009 Table B.52.2, method D1, values as reproduced in IS 732:2019 Table 21"
Cu,PVC,D2,2,120,261,"IEC 60364-5-52:2009 Table B.52.2, method D2, values as reproduced in IS 732:2019 Table 21"
Cu,PVC,A1,2,150,240,"IEC 60364-5-52:2009 Table B.52.2, method A1, values as reproduced in IS 732:2019 Table 21"
Cu,PVC,A2,2,150,219,"IEC 60364-5-52:2009 Table B.52.2, method A2, values as reproduced in IS 732:2019 Table 21"
Cu,PVC,B1,2,150,300,"IEC 60364-5-52:2009 Table B.52.2, method B1, values as reproduced in IS 732:2019 Table 21"
Cu,PVC,B2,2,150,258,"IEC 60364-5-52:2009 Table B.52.2, method B2, values as reproduced in IS 732:2019 Table 21"
Cu,PVC,C,2,150,344,"IEC 60364-5-52:2009 Table B.52.2, method C, values as reproduced in IS 732:2019 Table 21"
Cu,PVC,D1,2,150,261,"IEC 60364-5-52:2009 Table B.52.2, method D1, values as reproduced in IS 732:2019 Table 21"
Cu,PVC,D2,2,150,293,"IEC 60364-5-52:2009 Table B.52.2, method D2, values as reproduced in IS 732:2019 Table 21"
Cu,PVC,A1,2,185,273,"IEC 60364-5-52:2009 Table B.52.2, method A1, values as reproduced in IS 732:2019 Table 21"
Cu,PVC,A2,2,185,248,"IEC 60364-5-52:2009 Table B.52.2, method A2, values as reproduced in IS 732:2019 Table 21"
Cu,PVC,B1,2,185,341,"IEC 60364-5-52:2009 Table B.52.2, method B1, values as reproduced in IS 732:2019 Table 21"
Cu,PVC,B2,2,185,294,"IEC 60364-5-52:2009 Table B.52.2, method B2, values as reproduced in IS 732:2019 Table 21"
Cu,PVC,C,2,185,392,"IEC 60364-5-52:2009 Table B.52.2, method C, values as reproduced in IS 732:2019 Table 21"
Cu,PVC,D1,2,185,292,"IEC 60364-5-52:2009 Table B.52.2, method D1, values as reproduced in IS 732:2019 Table 21"
Cu,PVC,D2,2,185,331,"IEC 60364-5-52:2009 Table B.52.2, method D2, values as reproduced in IS 732:2019 Table 21"
Cu,PVC,A1,2,240,321,"IEC 60364-5-52:2009 Table B.52.2, method A1, values as reproduced in IS 732:2019 Table 21"
Cu,PVC,A2,2,240,291,"IEC 60364-5-52:2009 Table B.52.2, method A2, values as reproduced in IS 732:2019 Table 21"
Cu,PVC,B1,2,240,400,"IEC 60364-5-52:2009 Table B.52.2, method B1, values as reproduced in IS 732:2019 Table 21"
Cu,PVC,B2,2,240,344,"IEC 60364-5-52:2009 Table B.52.2, method B2, values as reproduced in IS 732:2019 Table 21"
Cu,PVC,C,2,240,461,"IEC 60364-5-52:2009 Table B.52.2, method C, values as reproduced in IS 732:2019 Table 21"
Cu,PVC,D1,2,240,336,"IEC 60364-5-52:2009 Table B.52.2, method D1, values as reproduced in IS 732:2019 Table 21"
Cu,PVC,D2,2,240,382,"IEC 60364-5-52:2009 Table B.52.2, method D2, values as reproduced in IS 732:2019 Table 21"
Cu,PVC,A1,2,300,367,"IEC 60364-5-52:2009 Table B.52.2, method A1, values as reproduced in IS 732:2019 Table 21"
Cu,PVC,A2,2,300,334,"IEC 60364-5-52:2009 Table B.52.2, method A2, values as reproduced in IS 732:2019 Table 21"
Cu,PVC,B1,2,300,458,"IEC 60364-5-52:2009 Table B.52.2, method B1, values as reproduced in IS 732:2019 Table 21"
Cu,PVC,B2,2,300,394,"IEC 60364-5-52:2009 Table B.52.2, method B2, values as reproduced in IS 732:2019 Table 21"
Cu,PVC,C,2,300,530,"IEC 60364-5-52:2009 Table B.52.2, method C, values as reproduced in IS 732:2019 Table 21"
Cu,PVC,D1,2,300,379,"IEC 60364-5-52:2009 Table B.52.2, method D1, values as reproduced in IS 732:2019 Table 21"
Cu,PVC,D2,2,300,427,"IEC 60364-5-52:2009 Table B.52.2, method D2, values as reproduced in IS 732:2019 Table 21"
Al,PVC,A1,2,2.5,15,"IEC 60364-5-52:2009 Table B.52.2, method A1, values as reproduced in IS 732:2019 Table 21"
Al,PVC,A2,2,2.5,14.5,"IEC 60364-5-52:2009 Table B.52.2, method A2, values as reproduced in IS 732:2019 Table 21"
Al,PVC,B1,2,2.5,18.5,"IEC 60364-5-52:2009 Table B.52.2, method B1, values as reproduced in IS 732:2019 Table 21"
Al,PVC,B2,2,2.5,17.5,"IEC 60364-5-52:2009 Table B.52.2, method B2, values as reproduced in IS 732:2019 Table 21"
Al,PVC,C,2,2.5,21,"IEC 60364-5-52:2009 Table B.52.2, method C, values as reproduced in IS 732:2019 Table 21"
Al,PVC,D1,2,2.5,22,"IEC 60364-5-52:2009 Table B.52.2, method D1, values as reproduced in IS 732:2019 Table 21"
Al,PVC,A1,2,4,20,"IEC 60364-5-52:2009 Table B.52.2, method A1, values as reproduced in IS 732:2019 Table 21"
Al,PVC,A2,2,4,19.5,"IEC 60364-5-52:2009 Table B.52.2, method A2, values as reproduced in IS 732:2019 Table 21"
Al,PVC,B1,2,4,25,"IEC 60364-5-52:2009 Table B.52.2, method B1, values as reproduced in IS 732:2019 Table 21"
Al,PVC,B2,2,4,24,"IEC 60364-5-52:2009 Table B.52.2, method B2, values as reproduced in IS 732:2019 Table 21"
Al,PVC,C,2,4,28,"IEC 60364-5-52:2009 Table B.52.2, method C, values as reproduced in IS 732:2019 Table 21"
Al,PVC,D1,2,4,29,"IEC 60364-5-52:2009 Table B.52.2, method D1, values as reproduced in IS 732:2019 Table 21"
Al,PVC,A1,2,6,26,"IEC 60364-5-52:2009 Table B.52.2, method A1, values as reproduced in IS 732:2019 Table 21"
Al,PVC,A2,2,6,25,"IEC 60364-5-52:2009 Table B.52.2, method A2, values as reproduced in IS 732:2019 Table 21"
Al,PVC,B1,2,6,32,"IEC 60364-5-52:2009 Table B.52.2, method B1, values as reproduced in IS 732:2019 Table 21"
Al,PVC,B2,2,6,30,"IEC 60364-5-52:2009 Table B.52.2, method B2, values as reproduced in IS 732:2019 Table 21"
Al,PVC,C,2,6,36,"IEC 60364-5-52:2009 Table B.52.2, method C, values as reproduced in IS 732:2019 Table 21"
Al,PVC,D1,2,6,36,"IEC 60364-5-52:2009 Table B.52.2, method D1, values as reproduced in IS 732:2019 Table 21"
Al,PVC,A1,2,10,36,"IEC 60364-5-52:2009 Table B.52.2, method A1, values as reproduced in IS 732:2019 Table 21"
Al,PVC,A2,2,10,33,"IEC 60364-5-52:2009 Table B.52.2, method A2, values as reproduced in IS 732:2019 Table 21"
Al,PVC,B1,2,10,44,"IEC 60364-5-52:2009 Table B.52.2, method B1, values as reproduced in IS 732:2019 Table 21"
Al,PVC,B2,2,10,41,"IEC 60364-5-52:2009 Table B.52.2, method B2, values as reproduced in IS 732:2019 Table 21"
Al,PVC,C,2,10,49,"IEC 60364-5-52:2009 Table B.52.2, method C, values as reproduced in IS 732:2019 Table 21"
Al,PVC,D1,2,10,47,"IEC 60364-5-52:2009 Table B.52.2, method D1, values as reproduced in IS 732:2019 Table 21"
Al,PVC,A1,2,16,48,"IEC 60364-5-52:2009 Table B.52.2, method A1, values as reproduced in IS 732:2019 Table 21"
Al,PVC,A2,2,16,44,"IEC 60364-5-52:2009 Table B.52.2, method A2, values as reproduced in IS 732:2019 Table 21"
Al,PVC,B1,2,16,60,"IEC 60364-5-52:2009 Table B.52.2, method B1, values as reproduced in IS 732:2019 Table 21"
Al,PVC,B2,2,16,54,"IEC 60364-5-52:2009 Table B.52.2, method B2, values as reproduced in IS 732:2019 Table 21"
Al,PVC,C,2,16,66,"IEC 60364-5-52:2009 Table B.52.2, method C, values as reproduced in IS 732:2019 Table 21"
Al,PVC,D1,2,16,61,"IEC 60364-5-52:2009 Table B.52.2, method D1, values as reproduced in IS 732:2019 Table 21"
Al,PVC,D2,2,16,63,"IEC 60364-5-52:2009 Table B.52.2, method D2, values as reproduced in IS 732:2019 Table 21"
Al,PVC,A1,2,25,63,"IEC 60364-5-52:2009 Table B.52.2, method A1, values as reproduced in IS 732:2019 Table 21"
Al,PVC,A2,2,25,58,"IEC 60364-5-52:2009 Table B.52.2, method A2, values as reproduced in IS 732:2019 Table 21"
Al,PVC,B1,2,25,79,"IEC 60364-5-52:2009 Table B.52.2, method B1, values as reproduced in IS 732:2019 Table 21"
Al,PVC,B2,2,25,71,"IEC 60364-5-52:2009 Table B.52.2, method B2, values as reproduced in IS 732:2019 Table 21"
Al,PVC,C,2,25,83,"IEC 60364-5-52:2009 Table B.52.2, method C, values as reproduced in IS 732:2019 Table 21"
Al,PVC,D1,2,25,77,"IEC 60364-5-52:2009 Table B.52.2, method D1, values as reproduced in IS 732:2019 Table 21"
Al,PVC,D2,2,25,82,"IEC 60364-5-52:2009 Table B.52.2, method D2, values as reproduced in IS 732:2019 Table 21"
Al,PVC,A1,2,35,77,"IEC 60364-5-52:2009 Table B.52.2, method A1, values as reproduced in IS 732:2019 Table 21"
Al,PVC,A2,2,35,71,"IEC 60364-5-52:2009 Table B.52.2, method A2, values as reproduced in IS 732:2019 Table 21"
Al,PVC,B1,2,35,97,"IEC 60364-5-52:2009 Table B.52.2, method B1, values as reproduced in IS 732:2019 Table 21"
Al,PVC,B2,2,35,86,"IEC 60364-5-52:2009 Table B.52.2, method B2, values as reproduced in IS 732:2019 Table 21"
Al,PVC,C,2,35,103,"IEC 60364-5-52:2009 Table B.52.2, method C, values as reproduced in IS 732:2019 Table 21"
Al,PVC,D1,2,35,93,"IEC 60364-5-52:2009 Table B.52.2, method D1, values as reproduced in IS 732:2019 Table 21"
Al,PVC,D2,2,35,98,"IEC 60364-5-52:2009 Table B.52.2, method D2, values as reproduced in IS 732:2019 Table 21"
Al,PVC,A1,2,50,93,"IEC 60364-5-52:2009 Table B.52.2, method A1, values as reproduced in IS 732:2019 Table 21"
Al,PVC,A2,2,50,86,"IEC 60364-5-52:2009 Table B.52.2, method A2, values as reproduced in IS 732:2019 Table 21"
Al,PVC,B1,2,50,118,"IEC 60364-5-52:2009 Table B.52.2, method B1, values as reproduced in IS 732:2019 Table 21"
Al,PVC,B2,2,50,104,"IEC 60364-5-52:2009 Table B.52.2, method B2, values as reproduced in IS 732:2019 Table 21"
Al,PVC,C,2,50,125,"IEC 60364-5-52:2009 Table B.52.2, method C, values as reproduced in IS 732:2019 Table 21"
Al,PVC,D1,2,50,109,"IEC 60364-5-52:2009 Table B.52.2, method D1, values as reproduced in IS 732:2019 Table 21"
Al,PVC,D2,2,50,117,"IEC 60364-5-52:2009 Table B.52.2, method D2, values as reproduced in IS 732:2019 Table 21"
Al,PVC,A1,2,70,118,"IEC 60364-5-52:2009 Table B.52.2, method A1, values as reproduced in IS 732:2019 Table 21"
Al,PVC,A2,2,70,108,"IEC 60364-5-52:2009 Table B.52.2, method A2, values as reproduced in IS 732:2019 Table 21"
Al,PVC,B1,2,70,150,"IEC 60364-5-52:2009 Table B.52.2, method B1, values as reproduced in IS 732:2019 Table 21"
Al,PVC,B2,2,70,131,"IEC 60364-5-52:2009 Table B.52.2, method B2, values as reproduced in IS 732:2019 Table 21"
Al,PVC,C,2,70,160,"IEC 60364-5-52:2009 Table B.52.2, method C, values as reproduced in IS 732:2019 Table 21"
Al,PVC,D1,2,70,135,"IEC 60364-5-52:2009 Table B.52.2, method D1, values as reproduced in IS 732:2019 Table 21"
Al,PVC,D2,2,70,145,"IEC 60364-5-52:2009 Table B.52.2, method D2, values as reproduced in IS 732:2019 Table 21"
Al,PVC,A1,2,95,142,"IEC 60364-5-52:2009 Table B.52.2, method A1, values as reproduced in IS 732:2019 Table 21"
Al,PVC,A2,2,95,130,"IEC 60364-5-52:2009 Table B.52.2, method A2, values as reproduced in IS 732:2019 Table 21"
Al,PVC,B1,2,95,181,"IEC 60364-5-52:2009 Table B.52.2, method B1, values as reproduced in IS 732:2019 Table 21"
Al,PVC,B2,2,95,157,"IEC 60364-5-52:2009 Table B.52.2, method B2, values as reproduced in IS 732:2019 Table 21"
Al,PVC,C,2,95,195,"IEC 60364-5-52:2009 Table B.52.2, method C, values as reproduced in IS 732:2019 Table 21"
Al,PVC,D1,2,95,159,"IEC 60364-5-52:2009 Table B.52.2, method D1, values as reproduced in IS 732:2019 Table 21"
Al,PVC,D2,2,95,173,"IEC 60364-5-52:2009 Table B.52.2, method D2, values as reproduced in IS 732:2019 Table 21"
Al,PVC,A1,2,120,164,"IEC 60364-5-52:2009 Table B.52.2, method A1, values as reproduced in IS 732:2019 Table 21"
Al,PVC,A2,2,120,150,"IEC 60364-5-52:2009 Table B.52.2, method A2, values as reproduced in IS 732:2019 Table 21"
Al,PVC,B1,2,120,210,"IEC 60364-5-52:2009 Table B.52.2, method B1, values as reproduced in IS 732:2019 Table 21"
Al,PVC,B2,2,120,181,"IEC 60364-5-52:2009 Table B.52.2, method B2, values as reproduced in IS 732:2019 Table 21"
Al,PVC,C,2,120,226,"IEC 60364-5-52:2009 Table B.52.2, method C, values as reproduced in IS 732:2019 Table 21"
Al,PVC,D1,2,120,180,"IEC 60364-5-52:2009 Table B.52.2, method D1, values as reproduced in IS 732:2019 Table 21"
Al,PVC,D2,2,120,200,"IEC 60364-5-52:2009 Table B.52.2, method D2, values as reproduced in IS 732:2019 Table 21"
Al,PVC,A1,2,150,189,"IEC 60364-5-52:2009 Table B.52.2, method A1, values as reproduced in IS 732:2019 Table 21"
Al,PVC,A2,2,150,172,"IEC 60364-5-52:2009 Table B.52.2, method A2, values as reproduced in IS 732:2019 Table 21"
Al,PVC,B1,2,150,234,"IEC 60364-5-52:2009 Table B.52.2, method B1, values as reproduced in IS 732:2019 Table 21"
Al,PVC,B2,2,150,201,"IEC 60364-5-52:2009 Table B.52.2, method B2, values as reproduced in IS 732:2019 Table 21"
Al,PVC,C,2,150,261,"IEC 60364-5-52:2009 Table B.52.2, method C, values as reproduced in IS 732:2019 Table 21"
Al,PVC,D1,2,150,204,"IEC 60364-5-52:2009 Table B.52.2, method D1, values as reproduced in IS 732:2019 Table 21"
Al,PVC,D2,2,150,224,"IEC 60364-5-52:2009 Table B.52.2, method D2, values as reproduced in IS 732:2019 Table 21"
Al,PVC,A1,2,185,215,"IEC 60364-5-52:2009 Table B.52.2, method A1, values as reproduced in IS 732:2019 Table 21"
Al,PVC,A2,2,185,195,"IEC 60364-5-52:2009 Table B.52.2, method A2, values as reproduced in IS 732:2019 Table 21"
Al,PVC,B1,2,185,266,"IEC 60364-5-52:2009 Table B.52.2, method B1, values as reproduced in IS 732:2019 Table 21"
Al,PVC,B2,2,185,230,"IEC 60364-5-52:2009 Table B.52.2, method B2, values as reproduced in IS 732:2019 Table 21"
Al,PVC,C,2,185,298,"IEC 60364-5-52:2009 Table B.52.2, method C, values as reproduced in IS 732:2019 Table 21"
Al,PVC,D1,2,185,228,"IEC 60364-5-52:2009 Table B.52.2, method D1, values as reproduced in IS 732:2019 Table 21"
Al,PVC,D2,2,185,255,"IEC 60364-5-52:2009 Table B.52.2, method D2, values as reproduced in IS 732:2019 Table 21"
Al,PVC,A1,2,240,252,"IEC 60364-5-52:2009 Table B.52.2, method A1, values as reproduced in IS 732:2019 Table 21"
Al,PVC,A2,2,240,229,"IEC 60364-5-52:2009 Table B.52.2, method A2, values as reproduced in IS 732:2019 Table 21"
Al,PVC,B1,2,240,312,"IEC 60364-5-52:2009 Table B.52.2, method B1, values as reproduced in IS 732:2019 Table 21"
Al,PVC,B2,2,240,269,"IEC 60364-5-52:2009 Table B.52.2, method B2, values as reproduced in IS 732:2019 Table 21"
Al,PVC,C,2,240,352,"IEC 60364-5-52:2009 Table B.52.2, method C, values as reproduced in IS 732:2019 Table 21"
Al,PVC,D1,2,240,262,"IEC 60364-5-52:2009 Table B.52.2, method D1, values as reproduced in IS 732:2019 Table 21"
Al,PVC,D2,2,240,298,"IEC 60364-5-52:2009 Table B.52.2, method D2, values as reproduced in IS 732:2019 Table 21"
Al,PVC,A1,2,300,289,"IEC 60364-5-52:2009 Table B.52.2, method A1, values as reproduced in IS 732:2019 Table 21"
Al,PVC,A2,2,300,263,"IEC 60364-5-52:2009 Table B.52.2, method A2, values as reproduced in IS 732:2019 Table 21"
Al,PVC,B1,2,300,358,"IEC 60364-5-52:2009 Table B.52.2, method B1, values as reproduced in IS 732:2019 Table 21"
Al,PVC,B2,2,300,308,"IEC 60364-5-52:2009 Table B.52.2, method B2, values as reproduced in IS 732:2019 Table 21"
Al,PVC,C,2,300,406,"IEC 60364-5-52:2009 Table B.52.2, method C, values as reproduced in IS 732:2019 Table 21"
Al,PVC,D1,2,300,296,"IEC 60364-5-52:2009 Table B.52.2, method D1, values as reproduced in IS 732:2019 Table 21"
Al,PVC,D2,2,300,336,"IEC 60364-5-52:2009 Table B.52.2, method D2, values as reproduced in IS 732:2019 Table 21"
Cu,XLPE,A1,2,1.5,19,"IEC 60364-5-52:2009 Table B.52.3, method A1, values as reproduced in IS 732:2019 Table 22; IEC table number by the consistent IS-to-IEC numbering"
Cu,XLPE,A2,2,1.5,18.5,"IEC 60364-5-52:2009 Table B.52.3, method A2, values as reproduced in IS 732:2019 Table 22; IEC table number by the consistent IS-to-IEC numbering"
Cu,XLPE,B1,2,1.5,23,"IEC 60364-5-52:2009 Table B.52.3, method B1, values as reproduced in IS 732:2019 Table 22; IEC table number by the consistent IS-to-IEC numbering"
Cu,XLPE,B2,2,1.5,22,"IEC 60364-5-52:2009 Table B.52.3, method B2, values as reproduced in IS 732:2019 Table 22; IEC table number by the consistent IS-to-IEC numbering"
Cu,XLPE,C,2,1.5,24,"IEC 60364-5-52:2009 Table B.52.3, method C, values as reproduced in IS 732:2019 Table 22; IEC table number by the consistent IS-to-IEC numbering"
Cu,XLPE,D1,2,1.5,25,"IEC 60364-5-52:2009 Table B.52.3, method D1, values as reproduced in IS 732:2019 Table 22; IEC table number by the consistent IS-to-IEC numbering"
Cu,XLPE,D2,2,1.5,27,"IEC 60364-5-52:2009 Table B.52.3, method D2, values as reproduced in IS 732:2019 Table 22; IEC table number by the consistent IS-to-IEC numbering"
Cu,XLPE,A1,2,2.5,26,"IEC 60364-5-52:2009 Table B.52.3, method A1, values as reproduced in IS 732:2019 Table 22; IEC table number by the consistent IS-to-IEC numbering"
Cu,XLPE,A2,2,2.5,25,"IEC 60364-5-52:2009 Table B.52.3, method A2, values as reproduced in IS 732:2019 Table 22; IEC table number by the consistent IS-to-IEC numbering"
Cu,XLPE,B1,2,2.5,31,"IEC 60364-5-52:2009 Table B.52.3, method B1, values as reproduced in IS 732:2019 Table 22; IEC table number by the consistent IS-to-IEC numbering"
Cu,XLPE,B2,2,2.5,30,"IEC 60364-5-52:2009 Table B.52.3, method B2, values as reproduced in IS 732:2019 Table 22; IEC table number by the consistent IS-to-IEC numbering"
Cu,XLPE,C,2,2.5,33,"IEC 60364-5-52:2009 Table B.52.3, method C, values as reproduced in IS 732:2019 Table 22; IEC table number by the consistent IS-to-IEC numbering"
Cu,XLPE,D1,2,2.5,33,"IEC 60364-5-52:2009 Table B.52.3, method D1, values as reproduced in IS 732:2019 Table 22; IEC table number by the consistent IS-to-IEC numbering"
Cu,XLPE,D2,2,2.5,35,"IEC 60364-5-52:2009 Table B.52.3, method D2, values as reproduced in IS 732:2019 Table 22; IEC table number by the consistent IS-to-IEC numbering"
Cu,XLPE,A1,2,4,35,"IEC 60364-5-52:2009 Table B.52.3, method A1, values as reproduced in IS 732:2019 Table 22; IEC table number by the consistent IS-to-IEC numbering"
Cu,XLPE,A2,2,4,33,"IEC 60364-5-52:2009 Table B.52.3, method A2, values as reproduced in IS 732:2019 Table 22; IEC table number by the consistent IS-to-IEC numbering"
Cu,XLPE,B1,2,4,42,"IEC 60364-5-52:2009 Table B.52.3, method B1, values as reproduced in IS 732:2019 Table 22; IEC table number by the consistent IS-to-IEC numbering"
Cu,XLPE,B2,2,4,40,"IEC 60364-5-52:2009 Table B.52.3, method B2, values as reproduced in IS 732:2019 Table 22; IEC table number by the consistent IS-to-IEC numbering"
Cu,XLPE,C,2,4,45,"IEC 60364-5-52:2009 Table B.52.3, method C, values as reproduced in IS 732:2019 Table 22; IEC table number by the consistent IS-to-IEC numbering"
Cu,XLPE,D1,2,4,43,"IEC 60364-5-52:2009 Table B.52.3, method D1, values as reproduced in IS 732:2019 Table 22; IEC table number by the consistent IS-to-IEC numbering"
Cu,XLPE,D2,2,4,46,"IEC 60364-5-52:2009 Table B.52.3, method D2, values as reproduced in IS 732:2019 Table 22; IEC table number by the consistent IS-to-IEC numbering"
Cu,XLPE,A1,2,6,45,"IEC 60364-5-52:2009 Table B.52.3, method A1, values as reproduced in IS 732:2019 Table 22; IEC table number by the consistent IS-to-IEC numbering"
Cu,XLPE,A2,2,6,42,"IEC 60364-5-52:2009 Table B.52.3, method A2, values as reproduced in IS 732:2019 Table 22; IEC table number by the consistent IS-to-IEC numbering"
Cu,XLPE,B1,2,6,54,"IEC 60364-5-52:2009 Table B.52.3, method B1, values as reproduced in IS 732:2019 Table 22; IEC table number by the consistent IS-to-IEC numbering"
Cu,XLPE,B2,2,6,51,"IEC 60364-5-52:2009 Table B.52.3, method B2, values as reproduced in IS 732:2019 Table 22; IEC table number by the consistent IS-to-IEC numbering"
Cu,XLPE,C,2,6,58,"IEC 60364-5-52:2009 Table B.52.3, method C, values as reproduced in IS 732:2019 Table 22; IEC table number by the consistent IS-to-IEC numbering"
Cu,XLPE,D1,2,6,53,"IEC 60364-5-52:2009 Table B.52.3, method D1, values as reproduced in IS 732:2019 Table 22; IEC table number by the consistent IS-to-IEC numbering"
Cu,XLPE,D2,2,6,58,"IEC 60364-5-52:2009 Table B.52.3, method D2, values as reproduced in IS 732:2019 Table 22; IEC table number by the consistent IS-to-IEC numbering"
Cu,XLPE,A1,2,10,61,"IEC 60364-5-52:2009 Table B.52.3, method A1, values as reproduced in IS 732:2019 Table 22; IEC table number by the consistent IS-to-IEC numbering"
Cu,XLPE,A2,2,10,57,"IEC 60364-5-52:2009 Table B.52.3, method A2, values as reproduced in IS 732:2019 Table 22; IEC table number by the consistent IS-to-IEC numbering"
Cu,XLPE,B1,2,10,75,"IEC 60364-5-52:2009 Table B.52.3, method B1, values as reproduced in IS 732:2019 Table 22; IEC table number by the consistent IS-to-IEC numbering"
Cu,XLPE,B2,2,10,69,"IEC 60364-5-52:2009 Table B.52.3, method B2, values as reproduced in IS 732:2019 Table 22; IEC table number by the consistent IS-to-IEC numbering"
Cu,XLPE,C,2,10,80,"IEC 60364-5-52:2009 Table B.52.3, method C, values as reproduced in IS 732:2019 Table 22; IEC table number by the consistent IS-to-IEC numbering"
Cu,XLPE,D1,2,10,71,"IEC 60364-5-52:2009 Table B.52.3, method D1, values as reproduced in IS 732:2019 Table 22; IEC table number by the consistent IS-to-IEC numbering"
Cu,XLPE,D2,2,10,77,"IEC 60364-5-52:2009 Table B.52.3, method D2, values as reproduced in IS 732:2019 Table 22; IEC table number by the consistent IS-to-IEC numbering"
Cu,XLPE,A1,2,16,81,"IEC 60364-5-52:2009 Table B.52.3, method A1, values as reproduced in IS 732:2019 Table 22; IEC table number by the consistent IS-to-IEC numbering"
Cu,XLPE,A2,2,16,76,"IEC 60364-5-52:2009 Table B.52.3, method A2, values as reproduced in IS 732:2019 Table 22; IEC table number by the consistent IS-to-IEC numbering"
Cu,XLPE,B1,2,16,100,"IEC 60364-5-52:2009 Table B.52.3, method B1, values as reproduced in IS 732:2019 Table 22; IEC table number by the consistent IS-to-IEC numbering"
Cu,XLPE,B2,2,16,91,"IEC 60364-5-52:2009 Table B.52.3, method B2, values as reproduced in IS 732:2019 Table 22; IEC table number by the consistent IS-to-IEC numbering"
Cu,XLPE,C,2,16,107,"IEC 60364-5-52:2009 Table B.52.3, method C, values as reproduced in IS 732:2019 Table 22; IEC table number by the consistent IS-to-IEC numbering"
Cu,XLPE,D1,2,16,91,"IEC 60364-5-52:2009 Table B.52.3, method D1, values as reproduced in IS 732:2019 Table 22; IEC table number by the consistent IS-to-IEC numbering"
Cu,XLPE,D2,2,16,100,"IEC 60364-5-52:2009 Table B.52.3, method D2, values as reproduced in IS 732:2019 Table 22; IEC table number by the consistent IS-to-IEC numbering"
Cu,XLPE,A1,2,25,106,"IEC 60364-5-52:2009 Table B.52.3, method A1, values as reproduced in IS 732:2019 Table 22; IEC table number by the consistent IS-to-IEC numbering"
Cu,XLPE,A2,2,25,99,"IEC 60364-5-52:2009 Table B.52.3, method A2, values as reproduced in IS 732:2019 Table 22; IEC table number by the consistent IS-to-IEC numbering"
Cu,XLPE,B1,2,25,133,"IEC 60364-5-52:2009 Table B.52.3, method B1, values as reproduced in IS 732:2019 Table 22; IEC table number by the consistent IS-to-IEC numbering"
Cu,XLPE,B2,2,25,119,"IEC 60364-5-52:2009 Table B.52.3, method B2, values as reproduced in IS 732:2019 Table 22; IEC table number by the consistent IS-to-IEC numbering"
Cu,XLPE,C,2,25,138,"IEC 60364-5-52:2009 Table B.52.3, method C, values as reproduced in IS 732:2019 Table 22; IEC table number by the consistent IS-to-IEC numbering"
Cu,XLPE,D1,2,25,116,"IEC 60364-5-52:2009 Table B.52.3, method D1, values as reproduced in IS 732:2019 Table 22; IEC table number by the consistent IS-to-IEC numbering"
Cu,XLPE,D2,2,25,129,"IEC 60364-5-52:2009 Table B.52.3, method D2, values as reproduced in IS 732:2019 Table 22; IEC table number by the consistent IS-to-IEC numbering"
Cu,XLPE,A1,2,35,131,"IEC 60364-5-52:2009 Table B.52.3, method A1, values as reproduced in IS 732:2019 Table 22; IEC table number by the consistent IS-to-IEC numbering"
Cu,XLPE,A2,2,35,121,"IEC 60364-5-52:2009 Table B.52.3, method A2, values as reproduced in IS 732:2019 Table 22; IEC table number by the consistent IS-to-IEC numbering"
Cu,XLPE,B1,2,35,164,"IEC 60364-5-52:2009 Table B.52.3, method B1, values as reproduced in IS 732:2019 Table 22; IEC table number by the consistent IS-to-IEC numbering"
Cu,XLPE,B2,2,35,146,"IEC 60364-5-52:2009 Table B.52.3, method B2, values as reproduced in IS 732:2019 Table 22; IEC table number by the consistent IS-to-IEC numbering"
Cu,XLPE,C,2,35,171,"IEC 60364-5-52:2009 Table B.52.3, method C, values as reproduced in IS 732:2019 Table 22; IEC table number by the consistent IS-to-IEC numbering"
Cu,XLPE,D1,2,35,139,"IEC 60364-5-52:2009 Table B.52.3, method D1, values as reproduced in IS 732:2019 Table 22; IEC table number by the consistent IS-to-IEC numbering"
Cu,XLPE,D2,2,35,155,"IEC 60364-5-52:2009 Table B.52.3, method D2, values as reproduced in IS 732:2019 Table 22; IEC table number by the consistent IS-to-IEC numbering"
Cu,XLPE,A1,2,50,158,"IEC 60364-5-52:2009 Table B.52.3, method A1, values as reproduced in IS 732:2019 Table 22; IEC table number by the consistent IS-to-IEC numbering"
Cu,XLPE,A2,2,50,145,"IEC 60364-5-52:2009 Table B.52.3, method A2, values as reproduced in IS 732:2019 Table 22; IEC table number by the consistent IS-to-IEC numbering"
Cu,XLPE,B1,2,50,198,"IEC 60364-5-52:2009 Table B.52.3, method B1, values as reproduced in IS 732:2019 Table 22; IEC table number by the consistent IS-to-IEC numbering"
Cu,XLPE,B2,2,50,175,"IEC 60364-5-52:2009 Table B.52.3, method B2, values as reproduced in IS 732:2019 Table 22; IEC table number by the consistent IS-to-IEC numbering"
Cu,XLPE,C,2,50,209,"IEC 60364-5-52:2009 Table B.52.3, method C, values as reproduced in IS 732:2019 Table 22; IEC table number by the consistent IS-to-IEC numbering"
Cu,XLPE,D1,2,50,164,"IEC 60364-5-52:2009 Table B.52.3, method D1, values as reproduced in IS 732:2019 Table 22; IEC table number by the consistent IS-to-IEC numbering"
Cu,XLPE,D2,2,50,183,"IEC 60364-5-52:2009 Table B.52.3, method D2, values as reproduced in IS 732:2019 Table 22; IEC table number by the consistent IS-to-IEC numbering"
Cu,XLPE,A1,2,70,200,"IEC 60364-5-52:2009 Table B.52.3, method A1, values as reproduced in IS 732:2019 Table 22; IEC table number by the consistent IS-to-IEC numbering"
Cu,XLPE,A2,2,70,183,"IEC 60364-5-52:2009 Table B.52.3, method A2, values as reproduced in IS 732:2019 Table 22; IEC table number by the consistent IS-to-IEC numbering"
Cu,XLPE,B1,2,70,253,"IEC 60364-5-52:2009 Table B.52.3, method B1, values as reproduced in IS 732:2019 Table 22; IEC table number by the consistent IS-to-IEC numbering"
Cu,XLPE,B2,2,70,221,"IEC 60364-5-52:2009 Table B.52.3, method B2, values as reproduced in IS 732:2019 Table 22; IEC table number by the consistent IS-to-IEC numbering"
Cu,XLPE,C,2,70,269,"IEC 60364-5-52:2009 Table B.52.3, method C, values as reproduced in IS 732:2019 Table 22; IEC table number by the consistent IS-to-IEC numbering"
Cu,XLPE,D1,2,70,203,"IEC 60364-5-52:2009 Table B.52.3, method D1, values as reproduced in IS 732:2019 Table 22; IEC table number by the consistent IS-to-IEC numbering"
Cu,XLPE,D2,2,70,225,"IEC 60364-5-52:2009 Table B.52.3, method D2, values as reproduced in IS 732:2019 Table 22; IEC table number by the consistent IS-to-IEC numbering"
Cu,XLPE,A1,2,95,241,"IEC 60364-5-52:2009 Table B.52.3, method A1, values as reproduced in IS 732:2019 Table 22; IEC table number by the consistent IS-to-IEC numbering"
Cu,XLPE,A2,2,95,220,"IEC 60364-5-52:2009 Table B.52.3, method A2, values as reproduced in IS 732:2019 Table 22; IEC table number by the consistent IS-to-IEC numbering"
Cu,XLPE,B1,2,95,306,"IEC 60364-5-52:2009 Table B.52.3, method B1, values as reproduced in IS 732:2019 Table 22; IEC table number by the consistent IS-to-IEC numbering"
Cu,XLPE,B2,2,95,265,"IEC 60364-5-52:2009 Table B.52.3, method B2, values as reproduced in IS 732:2019 Table 22; IEC table number by the consistent IS-to-IEC numbering"
Cu,XLPE,C,2,95,328,"IEC 60364-5-52:2009 Table B.52.3, method C, values as reproduced in IS 732:2019 Table 22; IEC table number by the consistent IS-to-IEC numbering"
Cu,XLPE,D1,2,95,239,"IEC 60364-5-52:2009 Table B.52.3, method D1, values as reproduced in IS 732:2019 Table 22; IEC table number by the consistent IS-to-IEC numbering"
Cu,XLPE,D2,2,95,270,"IEC 60364-5-52:2009 Table B.52.3, method D2, values as reproduced in IS 732:2019 Table 22; IEC table number by the consistent IS-to-IEC numbering"
Cu,XLPE,A1,2,120,278,"IEC 60364-5-52:2009 Table B.52.3, method A1, values as reproduced in IS 732:2019 Table 22; IEC table number by the consistent IS-to-IEC numbering"
Cu,XLPE,A2,2,120,253,"IEC 60364-5-52:2009 Table B.52.3, method A2, values as reproduced in IS 732:2019 Table 22; IEC table number by the consistent IS-to-IEC numbering"
Cu,XLPE,B1,2,120,354,"IEC 60364-5-52:2009 Table B.52.3, method B1, values as reproduced in IS 732:2019 Table 22; IEC table number by the consistent IS-to-IEC numbering"
Cu,XLPE,B2,2,120,305,"IEC 60364-5-52:2009 Table B.52.3, method B2, values as reproduced in IS 732:2019 Table 22; IEC table number by the consistent IS-to-IEC numbering"
Cu,XLPE,C,2,120,382,"IEC 60364-5-52:2009 Table B.52.3, method C, values as reproduced in IS 732:2019 Table 22; IEC table number by the consistent IS-to-IEC numbering"
Cu,XLPE,D1,2,120,271,"IEC 60364-5-52:2009 Table B.52.3, method D1, values as reproduced in IS 732:2019 Table 22; IEC table number by the consistent IS-to-IEC numbering"
Cu,XLPE,D2,2,120,306,"IEC 60364-5-52:2009 Table B.52.3, method D2, values as reproduced in IS 732:2019 Table 22; IEC table number by the consistent IS-to-IEC numbering"
Cu,XLPE,A1,2,150,318,"IEC 60364-5-52:2009 Table B.52.3, method A1, values as reproduced in IS 732:2019 Table 22; IEC table number by the consistent IS-to-IEC numbering"
Cu,XLPE,A2,2,150,290,"IEC 60364-5-52:2009 Table B.52.3, method A2, values as reproduced in IS 732:2019 Table 22; IEC table number by the consistent IS-to-IEC numbering"
Cu,XLPE,B1,2,150,393,"IEC 60364-5-52:2009 Table B.52.3, method B1, values as reproduced in IS 732:2019 Table 22; IEC table number by the consistent IS-to-IEC numbering"
Cu,XLPE,B2,2,150,334,"IEC 60364-5-52:2009 Table B.52.3, method B2, values as reproduced in IS 732:2019 Table 22; IEC table number by the consistent IS-to-IEC numbering"
Cu,XLPE,C,2,150,441,"IEC 60364-5-52:2009 Table B.52.3, method C, values as reproduced in IS 732:2019 Table 22; IEC table number by the consistent IS-to-IEC numbering"
Cu,XLPE,D1,2,150,306,"IEC 60364-5-52:2009 Table B.52.3, method D1, values as reproduced in IS 732:2019 Table 22; IEC table number by the consistent IS-to-IEC numbering"
Cu,XLPE,D2,2,150,343,"IEC 60364-5-52:2009 Table B.52.3, method D2, values as reproduced in IS 732:2019 Table 22; IEC table number by the consistent IS-to-IEC numbering"
Cu,XLPE,A1,2,185,362,"IEC 60364-5-52:2009 Table B.52.3, method A1, values as reproduced in IS 732:2019 Table 22; IEC table number by the consistent IS-to-IEC numbering"
Cu,XLPE,A2,2,185,329,"IEC 60364-5-52:2009 Table B.52.3, method A2, values as reproduced in IS 732:2019 Table 22; IEC table number by the consistent IS-to-IEC numbering"
Cu,XLPE,B1,2,185,449,"IEC 60364-5-52:2009 Table B.52.3, method B1, values as reproduced in IS 732:2019 Table 22; IEC table number by the consistent IS-to-IEC numbering"
Cu,XLPE,B2,2,185,384,"IEC 60364-5-52:2009 Table B.52.3, method B2, values as reproduced in IS 732:2019 Table 22; IEC table number by the consistent IS-to-IEC numbering"
Cu,XLPE,C,2,185,506,"IEC 60364-5-52:2009 Table B.52.3, method C, values as reproduced in IS 732:2019 Table 22; IEC table number by the consistent IS-to-IEC numbering"
Cu,XLPE,D1,2,185,343,"IEC 60364-5-52:2009 Table B.52.3, method D1, values as reproduced in IS 732:2019 Table 22; IEC table number by the consistent IS-to-IEC numbering"
Cu,XLPE,D2,2,185,387,"IEC 60364-5-52:2009 Table B.52.3, method D2, values as reproduced in IS 732:2019 Table 22; IEC table number by the consistent IS-to-IEC numbering"
Cu,XLPE,A1,2,240,424,"IEC 60364-5-52:2009 Table B.52.3, method A1, values as reproduced in IS 732:2019 Table 22; IEC table number by the consistent IS-to-IEC numbering"
Cu,XLPE,A2,2,240,386,"IEC 60364-5-52:2009 Table B.52.3, method A2, values as reproduced in IS 732:2019 Table 22; IEC table number by the consistent IS-to-IEC numbering"
Cu,XLPE,B1,2,240,528,"IEC 60364-5-52:2009 Table B.52.3, method B1, values as reproduced in IS 732:2019 Table 22; IEC table number by the consistent IS-to-IEC numbering"
Cu,XLPE,B2,2,240,459,"IEC 60364-5-52:2009 Table B.52.3, method B2, values as reproduced in IS 732:2019 Table 22; IEC table number by the consistent IS-to-IEC numbering"
Cu,XLPE,C,2,240,599,"IEC 60364-5-52:2009 Table B.52.3, method C, values as reproduced in IS 732:2019 Table 22; IEC table number by the consistent IS-to-IEC numbering"
Cu,XLPE,D1,2,240,395,"IEC 60364-5-52:2009 Table B.52.3, method D1, values as reproduced in IS 732:2019 Table 22; IEC table number by the consistent IS-to-IEC numbering"
Cu,XLPE,D2,2,240,448,"IEC 60364-5-52:2009 Table B.52.3, method D2, values as reproduced in IS 732:2019 Table 22; IEC table number by the consistent IS-to-IEC numbering"
Cu,XLPE,A1,2,300,486,"IEC 60364-5-52:2009 Table B.52.3, method A1, values as reproduced in IS 732:2019 Table 22; IEC table number by the consistent IS-to-IEC numbering"
Cu,XLPE,A2,2,300,442,"IEC 60364-5-52:2009 Table B.52.3, method A2, values as reproduced in IS 732:2019 Table 22; IEC table number by the consistent IS-to-IEC numbering"
Cu,XLPE,B1,2,300,603,"IEC 60364-5-52:2009 Table B.52.3, method B1, values as reproduced in IS 732:2019 Table 22; IEC table number by the consistent IS-to-IEC numbering"
Cu,XLPE,B2,2,300,532,"IEC 60364-5-52:2009 Table B.52.3, method B2, values as reproduced in IS 732:2019 Table 22; IEC table number by the consistent IS-to-IEC numbering"
Cu,XLPE,C,2,300,693,"IEC 60364-5-52:2009 Table B.52.3, method C, values as reproduced in IS 732:2019 Table 22; IEC table number by the consistent IS-to-IEC numbering"
Cu,XLPE,D1,2,300,446,"IEC 60364-5-52:2009 Table B.52.3, method D1, values as reproduced in IS 732:2019 Table 22; IEC table number by the consistent IS-to-IEC numbering"
Cu,XLPE,D2,2,300,502,"IEC 60364-5-52:2009 Table B.52.3, method D2, values as reproduced in IS 732:2019 Table 22; IEC table number by the consistent IS-to-IEC numbering"
Al,XLPE,A1,2,2.5,20,"IEC 60364-5-52:2009 Table B.52.3, method A1, values as reproduced in IS 732:2019 Table 22; IEC table number by the consistent IS-to-IEC numbering"
Al,XLPE,A2,2,2.5,19.5,"IEC 60364-5-52:2009 Table B.52.3, method A2, values as reproduced in IS 732:2019 Table 22; IEC table number by the consistent IS-to-IEC numbering"
Al,XLPE,B1,2,2.5,25,"IEC 60364-5-52:2009 Table B.52.3, method B1, values as reproduced in IS 732:2019 Table 22; IEC table number by the consistent IS-to-IEC numbering"
Al,XLPE,B2,2,2.5,23,"IEC 60364-5-52:2009 Table B.52.3, method B2, values as reproduced in IS 732:2019 Table 22; IEC table number by the consistent IS-to-IEC numbering"
Al,XLPE,C,2,2.5,26,"IEC 60364-5-52:2009 Table B.52.3, method C, values as reproduced in IS 732:2019 Table 22; IEC table number by the consistent IS-to-IEC numbering"
Al,XLPE,D1,2,2.5,26,"IEC 60364-5-52:2009 Table B.52.3, method D1, values as reproduced in IS 732:2019 Table 22; IEC table number by the consistent IS-to-IEC numbering"
Al,XLPE,A1,2,4,27,"IEC 60364-5-52:2009 Table B.52.3, method A1, values as reproduced in IS 732:2019 Table 22; IEC table number by the consistent IS-to-IEC numbering"
Al,XLPE,A2,2,4,26,"IEC 60364-5-52:2009 Table B.52.3, method A2, values as reproduced in IS 732:2019 Table 22; IEC table number by the consistent IS-to-IEC numbering"
Al,XLPE,B1,2,4,33,"IEC 60364-5-52:2009 Table B.52.3, method B1, values as reproduced in IS 732:2019 Table 22; IEC table number by the consistent IS-to-IEC numbering"
Al,XLPE,B2,2,4,31,"IEC 60364-5-52:2009 Table B.52.3, method B2, values as reproduced in IS 732:2019 Table 22; IEC table number by the consistent IS-to-IEC numbering"
Al,XLPE,C,2,4,35,"IEC 60364-5-52:2009 Table B.52.3, method C, values as reproduced in IS 732:2019 Table 22; IEC table number by the consistent IS-to-IEC numbering"
Al,XLPE,D1,2,4,33,"IEC 60364-5-52:2009 Table B.52.3, method D1, values as reproduced in IS 732:2019 Table 22; IEC table number by the consistent IS-to-IEC numbering"
Al,XLPE,A1,2,6,35,"IEC 60364-5-52:2009 Table B.52.3, method A1, values as reproduced in IS 732:2019 Table 22; IEC table number by the consistent IS-to-IEC numbering"
Al,XLPE,A2,2,6,33,"IEC 60364-5-52:2009 Table B.52.3, method A2, values as reproduced in IS 732:2019 Table 22; IEC table number by the consistent IS-to-IEC numbering"
Al,XLPE,B1,2,6,43,"IEC 60364-5-52:2009 Table B.52.3, method B1, values as reproduced in IS 732:2019 Table 22; IEC table number by the consistent IS-to-IEC numbering"
Al,XLPE,B2,2,6,40,"IEC 60364-5-52:2009 Table B.52.3, method B2, values as reproduced in IS 732:2019 Table 22; IEC table number by the consistent IS-to-IEC numbering"
Al,XLPE,C,2,6,45,"IEC 60364-5-52:2009 Table B.52.3, method C, values as reproduced in IS 732:2019 Table 22; IEC table number by the consistent IS-to-IEC numbering"
Al,XLPE,D1,2,6,42,"IEC 60364-5-52:2009 Table B.52.3, method D1, values as reproduced in IS 732:2019 Table 22; IEC table number by the consistent IS-to-IEC numbering"
Al,XLPE,A1,2,10,48,"IEC 60364-5-52:2009 Table B.52.3, method A1, values as reproduced in IS 732:2019 Table 22; IEC table number by the consistent IS-to-IEC numbering"
Al,XLPE,A2,2,10,45,"IEC 60364-5-52:2009 Table B.52.3, method A2, values as reproduced in IS 732:2019 Table 22; IEC table number by the consistent IS-to-IEC numbering"
Al,XLPE,B1,2,10,59,"IEC 60364-5-52:2009 Table B.52.3, method B1, values as reproduced in IS 732:2019 Table 22; IEC table number by the consistent IS-to-IEC numbering"
Al,XLPE,B2,2,10,54,"IEC 60364-5-52:2009 Table B.52.3, method B2, values as reproduced in IS 732:2019 Table 22; IEC table number by the consistent IS-to-IEC numbering"
Al,XLPE,C,2,10,62,"IEC 60364-5-52:2009 Table B.52.3, method C, values as reproduced in IS 732:2019 Table 22; IEC table number by the consistent IS-to-IEC numbering"
Al,XLPE,D1,2,10,55,"IEC 60364-5-52:2009 Table B.52.3, method D1, values as reproduced in IS 732:2019 Table 22; IEC table number by the consistent IS-to-IEC numbering"
Al,XLPE,A1,2,16,64,"IEC 60364-5-52:2009 Table B.52.3, method A1, values as reproduced in IS 732:2019 Table 22; IEC table number by the consistent IS-to-IEC numbering"
Al,XLPE,A2,2,16,60,"IEC 60364-5-52:2009 Table B.52.3, method A2, values as reproduced in IS 732:2019 Table 22; IEC table number by the consistent IS-to-IEC numbering"
Al,XLPE,B1,2,16,79,"IEC 60364-5-52:2009 Table B.52.3, method B1, values as reproduced in IS 732:2019 Table 22; IEC table number by the consistent IS-to-IEC numbering"
Al,XLPE,B2,2,16,72,"IEC 60364-5-52:2009 Table B.52.3, method B2, values as reproduced in IS 732:2019 Table 22; IEC table number by the consistent IS-to-IEC numbering"
Al,XLPE,C,2,16,84,"IEC 60364-5-52:2009 Table B.52.3, method C, values as reproduced in IS 732:2019 Table 22; IEC table number by the consistent IS-to-IEC numbering"
Al,XLPE,D1,2,16,71,"IEC 60364-5-52:2009 Table B.52.3, method D1, values as reproduced in IS 732:2019 Table 22; IEC table number by the consistent IS-to-IEC numbering"
Al,XLPE,D2,2,16,76,"IEC 60364-5-52:2009 Table B.52.3, method D2, values as reproduced in IS 732:2019 Table 22; IEC table number by the consistent IS-to-IEC numbering"
Al,XLPE,A1,2,25,84,"IEC 60364-5-52:2009 Table B.52.3, method A1, values as reproduced in IS 732:2019 Table 22; IEC table number by the consistent IS-to-IEC numbering"
Al,XLPE,A2,2,25,78,"IEC 60364-5-52:2009 Table B.52.3, method A2, values as reproduced in IS 732:2019 Table 22; IEC table number by the consistent IS-to-IEC numbering"
Al,XLPE,B1,2,25,105,"IEC 60364-5-52:2009 Table B.52.3, method B1, values as reproduced in IS 732:2019 Table 22; IEC table number by the consistent IS-to-IEC numbering"
Al,XLPE,B2,2,25,94,"IEC 60364-5-52:2009 Table B.52.3, method B2, values as reproduced in IS 732:2019 Table 22; IEC table number by the consistent IS-to-IEC numbering"
Al,XLPE,C,2,25,101,"IEC 60364-5-52:2009 Table B.52.3, method C, values as reproduced in IS 732:2019 Table 22; IEC table number by the consistent IS-to-IEC numbering"
Al,XLPE,D1,2,25,90,"IEC 60364-5-52:2009 Table B.52.3, method D1, values as reproduced in IS 732:2019 Table 22; IEC table number by the consistent IS-to-IEC numbering"
Al,XLPE,D2,2,25,98,"IEC 60364-5-52:2009 Table B.52.3, method D2, values as reproduced in IS 732:2019 Table 22; IEC table number by the consistent IS-to-IEC numbering"
Al,XLPE,A1,2,35,103,"IEC 60364-5-52:2009 Table B.52.3, method A1, values as reproduced in IS 732:2019 Table 22; IEC table number by the consistent IS-to-IEC numbering"
Al,XLPE,A2,2,35,96,"IEC 60364-5-52:2009 Table B.52.3, method A2, values as reproduced in IS 732:2019 Table 22; IEC table number by the consistent IS-to-IEC numbering"
Al,XLPE,B1,2,35,130,"IEC 60364-5-52:2009 Table B.52.3, method B1, values as reproduced in IS 732:2019 Table 22; IEC table number by the consistent IS-to-IEC numbering"
Al,XLPE,B2,2,35,115,"IEC 60364-5-52:2009 Table B.52.3, method B2, values as reproduced in IS 732:2019 Table 22; IEC table number by the consistent IS-to-IEC numbering"
Al,XLPE,C,2,35,126,"IEC 60364-5-52:2009 Table B.52.3, method C, values as reproduced in IS 732:2019 Table 22; IEC table number by the consistent IS-to-IEC numbering"
Al,XLPE,D1,2,35,108,"IEC 60364-5-52:2009 Table B.52.3, method D1, values as reproduced in IS 732:2019 Table 22; IEC table number by the consistent IS-to-IEC numbering"
Al,XLPE,D2,2,35,117,"IEC 60364-5-52:2009 Table B.52.3, method D2, values as reproduced in IS 732:2019 Table 22; IEC table number by the consistent IS-to-IEC numbering"
Al,XLPE,A1,2,50,125,"IEC 60364-5-52:2009 Table B.52.3, method A1, values as reproduced in IS 732:2019 Table 22; IEC table number by the consistent IS-to-IEC numbering"
Al,XLPE,A2,2,50,115,"IEC 60364-5-52:2009 Table B.52.3, method A2, values as reproduced in IS 732:2019 Table 22; IEC table number by the consistent IS-to-IEC numbering"
Al,XLPE,B1,2,50,157,"IEC 60364-5-52:2009 Table B.52.3, method B1, values as reproduced in IS 732:2019 Table 22; IEC table number by the consistent IS-to-IEC numbering"
Al,XLPE,B2,2,50,138,"IEC 60364-5-52:2009 Table B.52.3, method B2, values as reproduced in IS 732:2019 Table 22; IEC table number by the consistent IS-to-IEC numbering"
Al,XLPE,C,2,50,154,"IEC 60364-5-52:2009 Table B.52.3, method C, values as reproduced in IS 732:2019 Table 22; IEC table number by the consistent IS-to-IEC numbering"
Al,XLPE,D1,2,50,128,"IEC 60364-5-52:2009 Table B.52.3, method D1, values as reproduced in IS 732:2019 Table 22; IEC table number by the consistent IS-to-IEC numbering"
Al,XLPE,D2,2,50,139,"IEC 60364-5-52:2009 Table B.52.3, method D2, values as reproduced in IS 732:2019 Table 22; IEC table number by the consistent IS-to-IEC numbering"
Al,XLPE,A1,2,70,158,"IEC 60364-5-52:2009 Table B.52.3, method A1, values as reproduced in IS 732:2019 Table 22; IEC table number by the consistent IS-to-IEC numbering"
Al,XLPE,A2,2,70,145,"IEC 60364-5-52:2009 Table B.52.3, method A2, values as reproduced in IS 732:2019 Table 22; IEC table number by the consistent IS-to-IEC numbering"
Al,XLPE,B1,2,70,200,"IEC 60364-5-52:2009 Table B.52.3, method B1, values as reproduced in IS 732:2019 Table 22; IEC table number by the consistent IS-to-IEC numbering"
Al,XLPE,B2,2,70,175,"IEC 60364-5-52:2009 Table B.52.3, method B2, values as reproduced in IS 732:2019 Table 22; IEC table number by the consistent IS-to-IEC numbering"
Al,XLPE,C,2,70,198,"IEC 60364-5-52:2009 Table B.52.3, method C, values as reproduced in IS 732:2019 Table 22; IEC table number by the consistent IS-to-IEC numbering"
Al,XLPE,D1,2,70,158,"IEC 60364-5-52:2009 Table B.52.3, method D1, values as reproduced in IS 732:2019 Table 22; IEC table number by the consistent IS-to-IEC numbering"
Al,XLPE,D2,2,70,170,"IEC 60364-5-52:2009 Table B.52.3, method D2, values as reproduced in IS 732:2019 Table 22; IEC table number by the consistent IS-to-IEC numbering"
Al,XLPE,A1,2,95,191,"IEC 60364-5-52:2009 Table B.52.3, method A1, values as reproduced in IS 732:2019 Table 22; IEC table number by the consistent IS-to-IEC numbering"
Al,XLPE,A2,2,95,175,"IEC 60364-5-52:2009 Table B.52.3, method A2, values as reproduced in IS 732:2019 Table 22; IEC table number by the consistent IS-to-IEC numbering"
Al,XLPE,B1,2,95,242,"IEC 60364-5-52:2009 Table B.52.3, method B1, values as reproduced in IS 732:2019 Table 22; IEC table number by the consistent IS-to-IEC numbering"
Al,XLPE,B2,2,95,210,"IEC 60364-5-52:2009 Table B.52.3, method B2, values as reproduced in IS 732:2019 Table 22; IEC table number by the consistent IS-to-IEC numbering"
Al,XLPE,C,2,95,241,"IEC 60364-5-52:2009 Table B.52.3, method C, values as reproduced in IS 732:2019 Table 22; IEC table number by the consistent IS-to-IEC numbering"
Al,XLPE,D1,2,95,186,"IEC 60364-5-52:2009 Table B.52.3, method D1, values as reproduced in IS 732:2019 Table 22; IEC table number by the consistent IS-to-IEC numbering"
Al,XLPE,D2,2,95,204,"IEC 60364-5-52:2009 Table B.52.3, method D2, values as reproduced in IS 732:2019 Table 22; IEC table number by the consistent IS-to-IEC numbering"
Al,XLPE,A1,2,120,220,"IEC 60364-5-52:2009 Table B.52.3, method A1, values as reproduced in IS 732:2019 Table 22; IEC table number by the consistent IS-to-IEC numbering"
Al,XLPE,A2,2,120,201,"IEC 60364-5-52:2009 Table B.52.3, method A2, values as reproduced in IS 732:2019 Table 22; IEC table number by the consistent IS-to-IEC numbering"
Al,XLPE,B1,2,120,281,"IEC 60364-5-52:2009 Table B.52.3, method B1, values as reproduced in IS 732:2019 Table 22; IEC table number by the consistent IS-to-IEC numbering"
Al,XLPE,B2,2,120,242,"IEC 60364-5-52:2009 Table B.52.3, method B2, values as reproduced in IS 732:2019 Table 22; IEC table number by the consistent IS-to-IEC numbering"
Al,XLPE,C,2,120,280,"IEC 60364-5-52:2009 Table B.52.3, method C, values as reproduced in IS 732:2019 Table 22; IEC table number by the consistent IS-to-IEC numbering"
Al,XLPE,D1,2,120,211,"IEC 60364-5-52:2009 Table B.52.3, method D1, values as reproduced in IS 732:2019 Table 22; IEC table number by the consistent IS-to-IEC numbering"
Al,XLPE,D2,2,120,233,"IEC 60364-5-52:2009 Table B.52.3, method D2, values as reproduced in IS 732:2019 Table 22; IEC table number by the consistent IS-to-IEC numbering"
Al,XLPE,A1,2,150,253,"IEC 60364-5-52:2009 Table B.52.3, method A1, values as reproduced in IS 732:2019 Table 22; IEC table number by the consistent IS-to-IEC numbering"
Al,XLPE,A2,2,150,230,"IEC 60364-5-52:2009 Table B.52.3, method A2, values as reproduced in IS 732:2019 Table 22; IEC table number by the consistent IS-to-IEC numbering"
Al,XLPE,B1,2,150,307,"IEC 60364-5-52:2009 Table B.52.3, method B1, values as reproduced in IS 732:2019 Table 22; IEC table number by the consistent IS-to-IEC numbering"
Al,XLPE,B2,2,150,261,"IEC 60364-5-52:2009 Table B.52.3, method B2, values as reproduced in IS 732:2019 Table 22; IEC table number by the consistent IS-to-IEC numbering"
Al,XLPE,C,2,150,324,"IEC 60364-5-52:2009 Table B.52.3, method C, values as reproduced in IS 732:2019 Table 22; IEC table number by the consistent IS-to-IEC numbering"
Al,XLPE,D1,2,150,238,"IEC 60364-5-52:2009 Table B.52.3, method D1, values as reproduced in IS 732:2019 Table 22; IEC table number by the consistent IS-to-IEC numbering"
Al,XLPE,D2,2,150,261,"IEC 60364-5-52:2009 Table B.52.3, method D2, values as reproduced in IS 732:2019 Table 22; IEC table number by the consistent IS-to-IEC numbering"
Al,XLPE,A1,2,185,288,"IEC 60364-5-52:2009 Table B.52.3, method A1, values as reproduced in IS 732:2019 Table 22; IEC table number by the consistent IS-to-IEC numbering"
Al,XLPE,A2,2,185,262,"IEC 60364-5-52:2009 Table B.52.3, method A2, values as reproduced in IS 732:2019 Table 22; IEC table number by the consistent IS-to-IEC numbering"
Al,XLPE,B1,2,185,351,"IEC 60364-5-52:2009 Table B.52.3, method B1, values as reproduced in IS 732:2019 Table 22; IEC table number by the consistent IS-to-IEC numbering"
Al,XLPE,B2,2,185,300,"IEC 60364-5-52:2009 Table B.52.3, method B2, values as reproduced in IS 732:2019 Table 22; IEC table number by the consistent IS-to-IEC numbering"
Al,XLPE,C,2,185,371,"IEC 60364-5-52:2009 Table B.52.3, method C, values as reproduced in IS 732:2019 Table 22; IEC table number by the consistent IS-to-IEC numbering"
Al,XLPE,D1,2,185,267,"IEC 60364-5-52:2009 Table B.52.3, method D1, values as reproduced in IS 732:2019 Table 22; IEC table number by the consistent IS-to-IEC numbering"
Al,XLPE,D2,2,185,296,"IEC 60364-5-52:2009 Table B.52.3, method D2, values as reproduced in IS 732:2019 Table 22; IEC table number by the consistent IS-to-IEC numbering"
Al,XLPE,A1,2,240,338,"IEC 60364-5-52:2009 Table B.52.3, method A1, values as reproduced in IS 732:2019 Table 22; IEC table number by the consistent IS-to-IEC numbering"
Al,XLPE,A2,2,240,307,"IEC 60364-5-52:2009 Table B.52.3, method A2, values as reproduced in IS 732:2019 Table 22; IEC table number by the consistent IS-to-IEC numbering"
Al,XLPE,B1,2,240,412,"IEC 60364-5-52:2009 Table B.52.3, method B1, values as reproduced in IS 732:2019 Table 22; IEC table number by the consistent IS-to-IEC numbering"
Al,XLPE,B2,2,240,358,"IEC 60364-5-52:2009 Table B.52.3, method B2, values as reproduced in IS 732:2019 Table 22; IEC table number by the consistent IS-to-IEC numbering"
Al,XLPE,C,2,240,439,"IEC 60364-5-52:2009 Table B.52.3, method C, values as reproduced in IS 732:2019 Table 22; IEC table number by the consistent IS-to-IEC numbering"
Al,XLPE,D1,2,240,307,"IEC 60364-5-52:2009 Table B.52.3, method D1, values as reproduced in IS 732:2019 Table 22; IEC table number by the consistent IS-to-IEC numbering"
Al,XLPE,D2,2,240,343,"IEC 60364-5-52:2009 Table B.52.3, method D2, values as reproduced in IS 732:2019 Table 22; IEC table number by the consistent IS-to-IEC numbering"
Al,XLPE,A1,2,300,387,"IEC 60364-5-52:2009 Table B.52.3, method A1, values as reproduced in IS 732:2019 Table 22; IEC table number by the consistent IS-to-IEC numbering"
Al,XLPE,A2,2,300,352,"IEC 60364-5-52:2009 Table B.52.3, method A2, values as reproduced in IS 732:2019 Table 22; IEC table number by the consistent IS-to-IEC numbering"
Al,XLPE,B1,2,300,471,"IEC 60364-5-52:2009 Table B.52.3, method B1, values as reproduced in IS 732:2019 Table 22; IEC table number by the consistent IS-to-IEC numbering"
Al,XLPE,B2,2,300,415,"IEC 60364-5-52:2009 Table B.52.3, method B2, values as reproduced in IS 732:2019 Table 22; IEC table number by the consistent IS-to-IEC numbering"
Al,XLPE,C,2,300,508,"IEC 60364-5-52:2009 Table B.52.3, method C, values as reproduced in IS 732:2019 Table 22; IEC table number by the consistent IS-to-IEC numbering"
Al,XLPE,D1,2,300,346,"IEC 60364-5-52:2009 Table B.52.3, method D1, values as reproduced in IS 732:2019 Table 22; IEC table number by the consistent IS-to-IEC numbering"
Al,XLPE,D2,2,300,386,"IEC 60364-5-52:2009 Table B.52.3, method D2, values as reproduced in IS 732:2019 Table 22; IEC table number by the consistent IS-to-IEC numbering"
Cu,PVC,A1,3,1.5,13.5,"IEC 60364-5-52:2009 Table B.52.4, method A1, values as reproduced in IS 732:2019 Table 23"
Cu,PVC,A2,3,1.5,13,"IEC 60364-5-52:2009 Table B.52.4, method A2, values as reproduced in IS 732:2019 Table 23"
Cu,PVC,B1,3,1.5,15.5,"IEC 60364-5-52:2009 Table B.52.4, method B1, values as reproduced in IS 732:2019 Table 23"
Cu,PVC,B2,3,1.5,15,"IEC 60364-5-52:2009 Table B.52.4, method B2, values as reproduced in IS 732:2019 Table 23"
Cu,PVC,C,3,1.5,17.5,"IEC 60364-5-52:2009 Table B.52.4, method C, values as reproduced in IS 732:2019 Table 23"
Cu,PVC,D1,3,1.5,18,"IEC 60364-5-52:2009 Table B.52.4, method D1, values as reproduced in IS 732:2019 Table 23"
Cu,PVC,D2,3,1.5,19,"IEC 60364-5-52:2009 Table B.52.4, method D2, values as reproduced in IS 732:2019 Table 23"
Cu,PVC,A1,3,2.5,18,"IEC 60364-5-52:2009 Table B.52.4, method A1, values as reproduced in IS 732:2019 Table 23"
Cu,PVC,A2,3,2.5,17.5,"IEC 60364-5-52:2009 Table B.52.4, method A2, values as reproduced in IS 732:2019 Table 23"
Cu,PVC,B1,3,2.5,21,"IEC 60364-5-52:2009 Table B.52.4, method B1, values as reproduced in IS 732:2019 Table 23"
Cu,PVC,B2,3,2.5,20,"IEC 60364-5-52:2009 Table B.52.4, method B2, values as reproduced in IS 732:2019 Table 23"
Cu,PVC,C,3,2.5,24,"IEC 60364-5-52:2009 Table B.52.4, method C, values as reproduced in IS 732:2019 Table 23"
Cu,PVC,D1,3,2.5,24,"IEC 60364-5-52:2009 Table B.52.4, method D1, values as reproduced in IS 732:2019 Table 23"
Cu,PVC,D2,3,2.5,24,"IEC 60364-5-52:2009 Table B.52.4, method D2, values as reproduced in IS 732:2019 Table 23"
Cu,PVC,A1,3,4,24,"IEC 60364-5-52:2009 Table B.52.4, method A1, values as reproduced in IS 732:2019 Table 23"
Cu,PVC,A2,3,4,23,"IEC 60364-5-52:2009 Table B.52.4, method A2, values as reproduced in IS 732:2019 Table 23"
Cu,PVC,B1,3,4,28,"IEC 60364-5-52:2009 Table B.52.4, method B1, values as reproduced in IS 732:2019 Table 23"
Cu,PVC,B2,3,4,27,"IEC 60364-5-52:2009 Table B.52.4, method B2, values as reproduced in IS 732:2019 Table 23"
Cu,PVC,C,3,4,32,"IEC 60364-5-52:2009 Table B.52.4, method C, values as reproduced in IS 732:2019 Table 23"
Cu,PVC,D1,3,4,30,"IEC 60364-5-52:2009 Table B.52.4, method D1, values as reproduced in IS 732:2019 Table 23"
Cu,PVC,D2,3,4,33,"IEC 60364-5-52:2009 Table B.52.4, method D2, values as reproduced in IS 732:2019 Table 23"
Cu,PVC,A1,3,6,31,"IEC 60364-5-52:2009 Table B.52.4, method A1, values as reproduced in IS 732:2019 Table 23"
Cu,PVC,A2,3,6,29,"IEC 60364-5-52:2009 Table B.52.4, method A2, values as reproduced in IS 732:2019 Table 23"
Cu,PVC,B1,3,6,36,"IEC 60364-5-52:2009 Table B.52.4, method B1, values as reproduced in IS 732:2019 Table 23"
Cu,PVC,B2,3,6,34,"IEC 60364-5-52:2009 Table B.52.4, method B2, values as reproduced in IS 732:2019 Table 23"
Cu,PVC,C,3,6,41,"IEC 60364-5-52:2009 Table B.52.4, method C, values as reproduced in IS 732:2019 Table 23"
Cu,PVC,D1,3,6,38,"IEC 60364-5-52:2009 Table B.52.4, method D1, values as reproduced in IS 732:2019 Table 23"
Cu,PVC,D2,3,6,41,"IEC 60364-5-52:2009 Table B.52.4, method D2, values as reproduced in IS 732:2019 Table 23"
Cu,PVC,A1,3,10,42,"IEC 60364-5-52:2009 Table B.52.4, method A1, values as reproduced in IS 732:2019 Table 23"
Cu,PVC,A2,3,10,39,"IEC 60364-5-52:2009 Table B.52.4, method A2, values as reproduced in IS 732:2019 Table 23"
Cu,PVC,B1,3,10,50,"IEC 60364-5-52:2009 Table B.52.4, method B1, values as reproduced in IS 732:2019 Table 23"
Cu,PVC,B2,3,10,46,"IEC 60364-5-52:2009 Table B.52.4, method B2, values as reproduced in IS 732:2019 Table 23"
Cu,PVC,C,3,10,57,"IEC 60364-5-52:2009 Table B.52.4, method C, values as reproduced in IS 732:2019 Table 23"
Cu,PVC,D1,3,10,50,"IEC 60364-5-52:2009 Table B.52.4, method D1, values as reproduced in IS 732:2019 Table 23"
Cu,PVC,D2,3,10,54,"IEC 60364-5-52:2009 Table B.52.4, method D2, values as reproduced in IS 732:2019 Table 23"
Cu,PVC,A1,3,16,56,"IEC 60364-5-52:2009 Table B.52.4, method A1, values as reproduced in IS 732:2019 Table 23"
Cu,PVC,A2,3,16,52,"IEC 60364-5-52:2009 Table B.52.4, method A2, values as reproduced in IS 732:2019 Table 23"
Cu,PVC,B1,3,16,68,"IEC 60364-5-52:2009 Table B.52.4, method B1, values as reproduced in IS 732:2019 Table 23"
Cu,PVC,B2,3,16,62,"IEC 60364-5-52:2009 Table B.52.4, method B2, values as reproduced in IS 732:2019 Table 23"
Cu,PVC,C,3,16,76,"IEC 60364-5-52:2009 Table B.52.4, method C, values as reproduced in IS 732:2019 Table 23"
Cu,PVC,D1,3,16,64,"IEC 60364-5-52:2009 Table B.52.4, method D1, values as reproduced in IS 732:2019 Table 23"
Cu,PVC,D2,3,16,70,"IEC 60364-5-52:2009 Table B.52.4, method D2, values as reproduced in IS 732:2019 Table 23"
Cu,PVC,A1,3,25,73,"IEC 60364-5-52:2009 Table B.52.4, method A1, values as reproduced in IS 732:2019 Table 23"
Cu,PVC,A2,3,25,68,"IEC 60364-5-52:2009 Table B.52.4, method A2, values as reproduced in IS 732:2019 Table 23"
Cu,PVC,B1,3,25,89,"IEC 60364-5-52:2009 Table B.52.4, method B1, values as reproduced in IS 732:2019 Table 23"
Cu,PVC,B2,3,25,80,"IEC 60364-5-52:2009 Table B.52.4, method B2, values as reproduced in IS 732:2019 Table 23"
Cu,PVC,C,3,25,96,"IEC 60364-5-52:2009 Table B.52.4, method C, values as reproduced in IS 732:2019 Table 23"
Cu,PVC,D1,3,25,82,"IEC 60364-5-52:2009 Table B.52.4, method D1, values as reproduced in IS 732:2019 Table 23"
Cu,PVC,D2,3,25,92,"IEC 60364-5-52:2009 Table B.52.4, method D2, values as reproduced in IS 732:2019 Table 23"
Cu,PVC,A1,3,35,89,"IEC 60364-5-52:2009 Table B.52.4, method A1, values as reproduced in IS 732:2019 Table 23"
Cu,PVC,A2,3,35,83,"IEC 60364-5-52:2009 Table B.52.4, method A2, values as reproduced in IS 732:2019 Table 23"
Cu,PVC,B1,3,35,110,"IEC 60364-5-52:2009 Table B.52.4, method B1, values as reproduced in IS 732:2019 Table 23"
Cu,PVC,B2,3,35,99,"IEC 60364-5-52:2009 Table B.52.4, method B2, values as reproduced in IS 732:2019 Table 23"
Cu,PVC,C,3,35,119,"IEC 60364-5-52:2009 Table B.52.4, method C, values as reproduced in IS 732:2019 Table 23"
Cu,PVC,D1,3,35,98,"IEC 60364-5-52:2009 Table B.52.4, method D1, values as reproduced in IS 732:2019 Table 23"
Cu,PVC,D2,3,35,110,"IEC 60364-5-52:2009 Table B.52.4, method D2, values as reproduced in IS 732:2019 Table 23"
Cu,PVC,A1,3,50,108,"IEC 60364-5-52:2009 Table B.52.4, method A1, values as reproduced in IS 732:2019 Table 23"
Cu,PVC,A2,3,50,99,"IEC 60364-5-52:2009 Table B.52.4, method A2, values as reproduced in IS 732:2019 Table 23"
Cu,PVC,B1,3,50,134,"IEC 60364-5-52:2009 Table B.52.4, method B1, values as reproduced in IS 732:2019 Table 23"
Cu,PVC,B2,3,50,118,"IEC 60364-5-52:2009 Table B.52.4, method B2, values as reproduced in IS 732:2019 Table 23"
Cu,PVC,C,3,50,144,"IEC 60364-5-52:2009 Table B.52.4, method C, values as reproduced in IS 732:2019 Table 23"
Cu,PVC,D1,3,50,116,"IEC 60364-5-52:2009 Table B.52.4, method D1, values as reproduced in IS 732:2019 Table 23"
Cu,PVC,D2,3,50,130,"IEC 60364-5-52:2009 Table B.52.4, method D2, values as reproduced in IS 732:2019 Table 23"
Cu,PVC,A1,3,70,136,"IEC 60364-5-52:2009 Table B.52.4, method A1, values as reproduced in IS 732:2019 Table 23"
Cu,PVC,A2,3,70,125,"IEC 60364-5-52:2009 Table B.52.4, method A2, values as reproduced in IS 732:2019 Table 23"
Cu,PVC,B1,3,70,171,"IEC 60364-5-52:2009 Table B.52.4, method B1, values as reproduced in IS 732:2019 Table 23"
Cu,PVC,B2,3,70,149,"IEC 60364-5-52:2009 Table B.52.4, method B2, values as reproduced in IS 732:2019 Table 23"
Cu,PVC,C,3,70,184,"IEC 60364-5-52:2009 Table B.52.4, method C, values as reproduced in IS 732:2019 Table 23"
Cu,PVC,D1,3,70,143,"IEC 60364-5-52:2009 Table B.52.4, method D1, values as reproduced in IS 732:2019 Table 23"
Cu,PVC,D2,3,70,162,"IEC 60364-5-52:2009 Table B.52.4, method D2, values as reproduced in IS 732:2019 Table 23"
Cu,PVC,A1,3,95,164,"IEC 60364-5-52:2009 Table B.52.4, method A1, values as reproduced in IS 732:2019 Table 23"
Cu,PVC,A2,3,95,150,"IEC 60364-5-52:2009 Table B.52.4, method A2, values as reproduced in IS 732:2019 Table 23"
Cu,PVC,B1,3,95,207,"IEC 60364-5-52:2009 Table B.52.4, method B1, values as reproduced in IS 732:2019 Table 23"
Cu,PVC,B2,3,95,179,"IEC 60364-5-52:2009 Table B.52.4, method B2, values as reproduced in IS 732:2019 Table 23"
Cu,PVC,C,3,95,223,"IEC 60364-5-52:2009 Table B.52.4, method C, values as reproduced in IS 732:2019 Table 23"
Cu,PVC,D1,3,95,169,"IEC 60364-5-52:2009 Table B.52.4, method D1, values as reproduced in IS 732:2019 Table 23"
Cu,PVC,D2,3,95,193,"IEC 60364-5-52:2009 Table B.52.4, method D2, values as reproduced in IS 732:2019 Table 23"
Cu,PVC,A1,3,120,188,"IEC 60364-5-52:2009 Table B.52.4, method A1, values as reproduced in IS 732:2019 Table 23"
Cu,PVC,A2,3,120,172,"IEC 60364-5-52:2009 Table B.52.4, method A2, values as reproduced in IS 732:2019 Table 23"
Cu,PVC,B1,3,120,239,"IEC 60364-5-52:2009 Table B.52.4, method B1, values as reproduced in IS 732:2019 Table 23"
Cu,PVC,B2,3,120,206,"IEC 60364-5-52:2009 Table B.52.4, method B2, values as reproduced in IS 732:2019 Table 23"
Cu,PVC,C,3,120,259,"IEC 60364-5-52:2009 Table B.52.4, method C, values as reproduced in IS 732:2019 Table 23"
Cu,PVC,D1,3,120,192,"IEC 60364-5-52:2009 Table B.52.4, method D1, values as reproduced in IS 732:2019 Table 23"
Cu,PVC,D2,3,120,220,"IEC 60364-5-52:2009 Table B.52.4, method D2, values as reproduced in IS 732:2019 Table 23"
Cu,PVC,A1,3,150,216,"IEC 60364-5-52:2009 Table B.52.4, method A1, values as reproduced in IS 732:2019 Table 23"
Cu,PVC,A2,3,150,196,"IEC 60364-5-52:2009 Table B.52.4, method A2, values as reproduced in IS 732:2019 Table 23"
Cu,PVC,B1,3,150,262,"IEC 60364-5-52:2009 Table B.52.4, method B1, values as reproduced in IS 732:2019 Table 23"
Cu,PVC,B2,3,150,225,"IEC 60364-5-52:2009 Table B.52.4, method B2, values as reproduced in IS 732:2019 Table 23"
Cu,PVC,C,3,150,299,"IEC 60364-5-52:2009 Table B.52.4, method C, values as reproduced in IS 732:2019 Table 23"
Cu,PVC,D1,3,150,217,"IEC 60364-5-52:2009 Table B.52.4, method D1, values as reproduced in IS 732:2019 Table 23"
Cu,PVC,D2,3,150,246,"IEC 60364-5-52:2009 Table B.52.4, method D2, values as reproduced in IS 732:2019 Table 23"
Cu,PVC,A1,3,185,245,"IEC 60364-5-52:2009 Table B.52.4, method A1, values as reproduced in IS 732:2019 Table 23"
Cu,PVC,A2,3,185,223,"IEC 60364-5-52:2009 Table B.52.4, method A2, values as reproduced in IS 732:2019 Table 23"
Cu,PVC,B1,3,185,296,"IEC 60364-5-52:2009 Table B.52.4, method B1, values as reproduced in IS 732:2019 Table 23"
Cu,PVC,B2,3,185,255,"IEC 60364-5-52:2009 Table B.52.4, method B2, values as reproduced in IS 732:2019 Table 23"
Cu,PVC,C,3,185,341,"IEC 60364-5-52:2009 Table B.52.4, method C, values as reproduced in IS 732:2019 Table 23"
Cu,PVC,D1,3,185,243,"IEC 60364-5-52:2009 Table B.52.4, method D1, values as reproduced in IS 732:2019 Table 23"
Cu,PVC,D2,3,185,278,"IEC 60364-5-52:2009 Table B.52.4, method D2, values as reproduced in IS 732:2019 Table 23"
Cu,PVC,A1,3,240,286,"IEC 60364-5-52:2009 Table B.52.4, method A1, values as reproduced in IS 732:2019 Table 23"
Cu,PVC,A2,3,240,261,"IEC 60364-5-52:2009 Table B.52.4, method A2, values as reproduced in IS 732:2019 Table 23"
Cu,PVC,B1,3,240,346,"IEC 60364-5-52:2009 Table B.52.4, method B1, values as reproduced in IS 732:2019 Table 23"
Cu,PVC,B2,3,240,297,"IEC 60364-5-52:2009 Table B.52.4, method B2, values as reproduced in IS 732:2019 Table 23"
Cu,PVC,C,3,240,403,"IEC 60364-5-52:2009 Table B.52.4, method C, values as reproduced in IS 732:2019 Table 23"
Cu,PVC,D1,3,240,280,"IEC 60364-5-52:2009 Table B.52.4, method D1, values as reproduced in IS 732:2019 Table 23"
Cu,PVC,D2,3,240,320,"IEC 60364-5-52:2009 Table B.52.4, method D2, values as reproduced in IS 732:2019 Table 23"
Cu,PVC,A1,3,300,328,"IEC 60364-5-52:2009 Table B.52.4, method A1, values as reproduced in IS 732:2019 Table 23"
Cu,PVC,A2,3,300,298,"IEC 60364-5-52:2009 Table B.52.4, method A2, values as reproduced in IS 732:2019 Table 23"
Cu,PVC,B1,3,300,394,"IEC 60364-5-52:2009 Table B.52.4, method B1, values as reproduced in IS 732:2019 Table 23"
Cu,PVC,B2,3,300,339,"IEC 60364-5-52:2009 Table B.52.4, method B2, values as reproduced in IS 732:2019 Table 23"
Cu,PVC,C,3,300,464,"IEC 60364-5-52:2009 Table B.52.4, method C, values as reproduced in IS 732:2019 Table 23"
Cu,PVC,D1,3,300,316,"IEC 60364-5-52:2009 Table B.52.4, method D1, values as reproduced in IS 732:2019 Table 23"
Cu,PVC,D2,3,300,359,"IEC 60364-5-52:2009 Table B.52.4, method D2, values as reproduced in IS 732:2019 Table 23"
Al,PVC,A1,3,2.5,14,"IEC 60364-5-52:2009 Table B.52.4, method A1, values as reproduced in IS 732:2019 Table 23"
Al,PVC,A2,3,2.5,13.5,"IEC 60364-5-52:2009 Table B.52.4, method A2, values as reproduced in IS 732:2019 Table 23"
Al,PVC,B1,3,2.5,16.5,"IEC 60364-5-52:2009 Table B.52.4, method B1, values as reproduced in IS 732:2019 Table 23"
Al,PVC,B2,3,2.5,15.5,"IEC 60364-5-52:2009 Table B.52.4, method B2, values as reproduced in IS 732:2019 Table 23"
Al,PVC,C,3,2.5,18.5,"IEC 60364-5-52:2009 Table B.52.4, method C, values as reproduced in IS 732:2019 Table 23"
Al,PVC,D1,3,2.5,18.5,"IEC 60364-5-52:2009 Table B.52.4, method D1, values as reproduced in IS 732:2019 Table 23"
Al,PVC,A1,3,4,18.5,"IEC 60364-5-52:2009 Table B.52.4, method A1, values as reproduced in IS 732:2019 Table 23"
Al,PVC,A2,3,4,17.5,"IEC 60364-5-52:2009 Table B.52.4, method A2, values as reproduced in IS 732:2019 Table 23"
Al,PVC,B1,3,4,22,"IEC 60364-5-52:2009 Table B.52.4, method B1, values as reproduced in IS 732:2019 Table 23"
Al,PVC,B2,3,4,21,"IEC 60364-5-52:2009 Table B.52.4, method B2, values as reproduced in IS 732:2019 Table 23"
Al,PVC,C,3,4,25,"IEC 60364-5-52:2009 Table B.52.4, method C, values as reproduced in IS 732:2019 Table 23"
Al,PVC,D1,3,4,24,"IEC 60364-5-52:2009 Table B.52.4, method D1, values as reproduced in IS 732:2019 Table 23"
Al,PVC,A1,3,6,24,"IEC 60364-5-52:2009 Table B.52.4, method A1, values as reproduced in IS 732:2019 Table 23"
Al,PVC,A2,3,6,23,"IEC 60364-5-52:2009 Table B.52.4, method A2, values as reproduced in IS 732:2019 Table 23"
Al,PVC,B1,3,6,28,"IEC 60364-5-52:2009 Table B.52.4, method B1, values as reproduced in IS 732:2019 Table 23"
Al,PVC,B2,3,6,27,"IEC 60364-5-52:2009 Table B.52.4, method B2, values as reproduced in IS 732:2019 Table 23"
Al,PVC,C,3,6,32,"IEC 60364-5-52:2009 Table B.52.4, method C, values as reproduced in IS 732:2019 Table 23"
Al,PVC,D1,3,6,30,"IEC 60364-5-52:2009 Table B.52.4, method D1, values as reproduced in IS 732:2019 Table 23"
Al,PVC,A1,3,10,32,"IEC 60364-5-52:2009 Table B.52.4, method A1, values as reproduced in IS 732:2019 Table 23"
Al,PVC,A2,3,10,31,"IEC 60364-5-52:2009 Table B.52.4, method A2, values as reproduced in IS 732:2019 Table 23"
Al,PVC,B1,3,10,39,"IEC 60364-5-52:2009 Table B.52.4, method B1, values as reproduced in IS 732:2019 Table 23"
Al,PVC,B2,3,10,36,"IEC 60364-5-52:2009 Table B.52.4, method B2, values as reproduced in IS 732:2019 Table 23"
Al,PVC,C,3,10,44,"IEC 60364-5-52:2009 Table B.52.4, method C, values as reproduced in IS 732:2019 Table 23"
Al,PVC,D1,3,10,39,"IEC 60364-5-52:2009 Table B.52.4, method D1, values as reproduced in IS 732:2019 Table 23"
Al,PVC,A1,3,16,43,"IEC 60364-5-52:2009 Table B.52.4, method A1, values as reproduced in IS 732:2019 Table 23"
Al,PVC,A2,3,16,41,"IEC 60364-5-52:2009 Table B.52.4, method A2, values as reproduced in IS 732:2019 Table 23"
Al,PVC,B1,3,16,53,"IEC 60364-5-52:2009 Table B.52.4, method B1, values as reproduced in IS 732:2019 Table 23"
Al,PVC,B2,3,16,48,"IEC 60364-5-52:2009 Table B.52.4, method B2, values as reproduced in IS 732:2019 Table 23"
Al,PVC,C,3,16,59,"IEC 60364-5-52:2009 Table B.52.4, method C, values as reproduced in IS 732:2019 Table 23"
Al,PVC,D1,3,16,50,"IEC 60364-5-52:2009 Table B.52.4, method D1, values as reproduced in IS 732:2019 Table 23"
Al,PVC,D2,3,16,53,"IEC 60364-5-52:2009 Table B.52.4, method D2, values as reproduced in IS 732:2019 Table 23"
Al,PVC,A1,3,25,57,"IEC 60364-5-52:2009 Table B.52.4, method A1, values as reproduced in IS 732:2019 Table 23"
Al,PVC,A2,3,25,53,"IEC 60364-5-52:2009 Table B.52.4, method A2, values as reproduced in IS 732:2019 Table 23"
Al,PVC,B1,3,25,70,"IEC 60364-5-52:2009 Table B.52.4, method B1, values as reproduced in IS 732:2019 Table 23"
Al,PVC,B2,3,25,62,"IEC 60364-5-52:2009 Table B.52.4, method B2, values as reproduced in IS 732:2019 Table 23"
Al,PVC,C,3,25,73,"IEC 60364-5-52:2009 Table B.52.4, method C, values as reproduced in IS 732:2019 Table 23"
Al,PVC,D1,3,25,64,"IEC 60364-5-52:2009 Table B.52.4, method D1, values as reproduced in IS 732:2019 Table 23"
Al,PVC,D2,3,25,69,"IEC 60364-5-52:2009 Table B.52.4, method D2, values as reproduced in IS 732:2019 Table 23"
Al,PVC,A1,3,35,70,"IEC 60364-5-52:2009 Table B.52.4, method A1, values as reproduced in IS 732:2019 Table 23"
Al,PVC,A2,3,35,65,"IEC 60364-5-52:2009 Table B.52.4, method A2, values as reproduced in IS 732:2019 Table 23"
Al,PVC,B1,3,35,86,"IEC 60364-5-52:2009 Table B.52.4, method B1, values as reproduced in IS 732:2019 Table 23"
Al,PVC,B2,3,35,77,"IEC 60364-5-52:2009 Table B.52.4, method B2, values as reproduced in IS 732:2019 Table 23"
Al,PVC,C,3,35,90,"IEC 60364-5-52:2009 Table B.52.4, method C, values as reproduced in IS 732:2019 Table 23"
Al,PVC,D1,3,35,77,"IEC 60364-5-52:2009 Table B.52.4, method D1, values as reproduced in IS 732:2019 Table 23"
Al,PVC,D2,3,35,83,"IEC 60364-5-52:2009 Table B.52.4, method D2, values as reproduced in IS 732:2019 Table 23"
Al,PVC,A1,3,50,84,"IEC 60364-5-52:2009 Table B.52.4, method A1, values as reproduced in IS 732:2019 Table 23"
Al,PVC,A2,3,50,78,"IEC 60364-5-52:2009 Table B.52.4, method A2, values as reproduced in IS 732:2019 Table 23"
Al,PVC,B1,3,50,104,"IEC 60364-5-52:2009 Table B.52.4, method B1, values as reproduced in IS 732:2019 Table 23"
Al,PVC,B2,3,50,92,"IEC 60364-5-52:2009 Table B.52.4, method B2, values as reproduced in IS 732:2019 Table 23"
Al,PVC,C,3,50,110,"IEC 60364-5-52:2009 Table B.52.4, method C, values as reproduced in IS 732:2019 Table 23"
Al,PVC,D1,3,50,91,"IEC 60364-5-52:2009 Table B.52.4, method D1, values as reproduced in IS 732:2019 Table 23"
Al,PVC,D2,3,50,99,"IEC 60364-5-52:2009 Table B.52.4, method D2, values as reproduced in IS 732:2019 Table 23"
Al,PVC,A1,3,70,107,"IEC 60364-5-52:2009 Table B.52.4, method A1, values as reproduced in IS 732:2019 Table 23"
Al,PVC,A2,3,70,98,"IEC 60364-5-52:2009 Table B.52.4, method A2, values as reproduced in IS 732:2019 Table 23"
Al,PVC,B1,3,70,133,"IEC 60364-5-52:2009 Table B.52.4, method B1, values as reproduced in IS 732:2019 Table 23"
Al,PVC,B2,3,70,116,"IEC 60364-5-52:2009 Table B.52.4, method B2, values as reproduced in IS 732:2019 Table 23"
Al,PVC,C,3,70,140,"IEC 60364-5-52:2009 Table B.52.4, method C, values as reproduced in IS 732:2019 Table 23"
Al,PVC,D1,3,70,112,"IEC 60364-5-52:2009 Table B.52.4, method D1, values as reproduced in IS 732:2019 Table 23"
Al,PVC,D2,3,70,122,"IEC 60364-5-52:2009 Table B.52.4, method D2, values as reproduced in IS 732:2019 Table 23"
Al,PVC,A1,3,95,129,"IEC 60364-5-52:2009 Table B.52.4, method A1, values as reproduced in IS 732:2019 Table 23"
Al,PVC,A2,3,95,118,"IEC 60364-5-52:2009 Table B.52.4, method A2, values as reproduced in IS 732:2019 Table 23"
Al,PVC,B1,3,95,161,"IEC 60364-5-52:2009 Table B.52.4, method B1, values as reproduced in IS 732:2019 Table 23"
Al,PVC,B2,3,95,139,"IEC 60364-5-52:2009 Table B.52.4, method B2, values as reproduced in IS 732:2019 Table 23"
Al,PVC,C,3,95,170,"IEC 60364-5-52:2009 Table B.52.4, method C, values as reproduced in IS 732:2019 Table 23"
Al,PVC,D1,3,95,132,"IEC 60364-5-52:2009 Table B.52.4, method D1, values as reproduced in IS 732:2019 Table 23"
Al,PVC,D2,3,95,148,"IEC 60364-5-52:2009 Table B.52.4, method D2, values as reproduced in IS 732:2019 Table 23"
Al,PVC,A1,3,120,149,"IEC 60364-5-52:2009 Table B.52.4, method A1, values as reproduced in IS 732:2019 Table 23"
Al,PVC,A2,3,120,135,"IEC 60364-5-52:2009 Table B.52.4, method A2, values as reproduced in IS 732:2019 Table 23"
Al,PVC,B1,3,120,186,"IEC 60364-5-52:2009 Table B.52.4, method B1, values as reproduced in IS 732:2019 Table 23"
Al,PVC,B2,3,120,160,"IEC 60364-5-52:2009 Table B.52.4, method B2, values as reproduced in IS 732:2019 Table 23"
Al,PVC,C,3,120,197,"IEC 60364-5-52:2009 Table B.52.4, method C, values as reproduced in IS 732:2019 Table 23"
Al,PVC,D1,3,120,150,"IEC 60364-5-52:2009 Table B.52.4, method D1, values as reproduced in IS 732:2019 Table 23"
Al,PVC,D2,3,120,169,"IEC 60364-5-52:2009 Table B.52.4, method D2, values as reproduced in IS 732:2019 Table 23"
Al,PVC,A1,3,150,170,"IEC 60364-5-52:2009 Table B.52.4, method A1, values as reproduced in IS 732:2019 Table 23"
Al,PVC,A2,3,150,155,"IEC 60364-5-52:2009 Table B.52.4, method A2, values as reproduced in IS 732:2019 Table 23"
Al,PVC,B1,3,150,204,"IEC 60364-5-52:2009 Table B.52.4, method B1, values as reproduced in IS 732:2019 Table 23"
Al,PVC,B2,3,150,176,"IEC 60364-5-52:2009 Table B.52.4, method B2, values as reproduced in IS 732:2019 Table 23"
Al,PVC,C,3,150,227,"IEC 60364-5-52:2009 Table B.52.4, method C, values as reproduced in IS 732:2019 Table 23"
Al,PVC,D1,3,150,169,"IEC 60364-5-52:2009 Table B.52.4, method D1, values as reproduced in IS 732:2019 Table 23"
Al,PVC,D2,3,150,189,"IEC 60364-5-52:2009 Table B.52.4, method D2, values as reproduced in IS 732:2019 Table 23"
Al,PVC,A1,3,185,194,"IEC 60364-5-52:2009 Table B.52.4, method A1, values as reproduced in IS 732:2019 Table 23"
Al,PVC,A2,3,185,176,"IEC 60364-5-52:2009 Table B.52.4, method A2, values as reproduced in IS 732:2019 Table 23"
Al,PVC,B1,3,185,230,"IEC 60364-5-52:2009 Table B.52.4, method B1, values as reproduced in IS 732:2019 Table 23"
Al,PVC,B2,3,185,199,"IEC 60364-5-52:2009 Table B.52.4, method B2, values as reproduced in IS 732:2019 Table 23"
Al,PVC,C,3,185,259,"IEC 60364-5-52:2009 Table B.52.4, method C, values as reproduced in IS 732:2019 Table 23"
Al,PVC,D1,3,185,190,"IEC 60364-5-52:2009 Table B.52.4, method D1, values as reproduced in IS 732:2019 Table 23"
Al,PVC,D2,3,185,214,"IEC 60364-5-52:2009 Table B.52.4, method D2, values as reproduced in IS 732:2019 Table 23"
Al,PVC,A1,3,240,227,"IEC 60364-5-52:2009 Table B.52.4, method A1, values as reproduced in IS 732:2019 Table 23"
Al,PVC,A2,3,240,207,"IEC 60364-5-52:2009 Table B.52.4, method A2, values as reproduced in IS 732:2019 Table 23"
Al,PVC,B1,3,240,269,"IEC 60364-5-52:2009 Table B.52.4, method B1, values as reproduced in IS 732:2019 Table 23"
Al,PVC,B2,3,240,232,"IEC 60364-5-52:2009 Table B.52.4, method B2, values as reproduced in IS 732:2019 Table 23"
Al,PVC,C,3,240,305,"IEC 60364-5-52:2009 Table B.52.4, method C, values as reproduced in IS 732:2019 Table 23"
Al,PVC,D1,3,240,218,"IEC 60364-5-52:2009 Table B.52.4, method D1, values as reproduced in IS 732:2019 Table 23"
Al,PVC,D2,3,240,250,"IEC 60364-5-52:2009 Table B.52.4, method D2, values as reproduced in IS 732:2019 Table 23"
Al,PVC,A1,3,300,261,"IEC 60364-5-52:2009 Table B.52.4, method A1, values as reproduced in IS 732:2019 Table 23"
Al,PVC,A2,3,300,237,"IEC 60364-5-52:2009 Table B.52.4, method A2, values as reproduced in IS 732:2019 Table 23"
Al,PVC,B1,3,300,306,"IEC 60364-5-52:2009 Table B.52.4, method B1, values as reproduced in IS 732:2019 Table 23"
Al,PVC,B2,3,300,265,"IEC 60364-5-52:2009 Table B.52.4, method B2, values as reproduced in IS 732:2019 Table 23"
Al,PVC,C,3,300,351,"IEC 60364-5-52:2009 Table B.52.4, method C, values as reproduced in IS 732:2019 Table 23"
Al,PVC,D1,3,300,247,"IEC 60364-5-52:2009 Table B.52.4, method D1, values as reproduced in IS 732:2019 Table 23"
Al,PVC,D2,3,300,282,"IEC 60364-5-52:2009 Table B.52.4, method D2, values as reproduced in IS 732:2019 Table 23"
Cu,XLPE,A1,3,1.5,17,"IEC 60364-5-52:2009 Table B.52.5, method A1, values as reproduced in IS 732:2019 Table 24"
Cu,XLPE,A2,3,1.5,16.5,"IEC 60364-5-52:2009 Table B.52.5, method A2, values as reproduced in IS 732:2019 Table 24"
Cu,XLPE,B1,3,1.5,20,"IEC 60364-5-52:2009 Table B.52.5, method B1, values as reproduced in IS 732:2019 Table 24"
Cu,XLPE,B2,3,1.5,19.5,"IEC 60364-5-52:2009 Table B.52.5, method B2, values as reproduced in IS 732:2019 Table 24"
Cu,XLPE,C,3,1.5,22,"IEC 60364-5-52:2009 Table B.52.5, method C, values as reproduced in IS 732:2019 Table 24"
Cu,XLPE,D1,3,1.5,21,"IEC 60364-5-52:2009 Table B.52.5, method D1, values as reproduced in IS 732:2019 Table 24"
Cu,XLPE,D2,3,1.5,23,"IEC 60364-5-52:2009 Table B.52.5, method D2, values as reproduced in IS 732:2019 Table 24"
Cu,XLPE,A1,3,2.5,23,"IEC 60364-5-52:2009 Table B.52.5, method A1, values as reproduced in IS 732:2019 Table 24"
Cu,XLPE,A2,3,2.5,22,"IEC 60364-5-52:2009 Table B.52.5, method A2, values as reproduced in IS 732:2019 Table 24"
Cu,XLPE,B1,3,2.5,28,"IEC 60364-5-52:2009 Table B.52.5, method B1, values as reproduced in IS 732:2019 Table 24"
Cu,XLPE,B2,3,2.5,26,"IEC 60364-5-52:2009 Table B.52.5, method B2, values as reproduced in IS 732:2019 Table 24"
Cu,XLPE,C,3,2.5,30,"IEC 60364-5-52:2009 Table B.52.5, method C, values as reproduced in IS 732:2019 Table 24"
Cu,XLPE,D1,3,2.5,28,"IEC 60364-5-52:2009 Table B.52.5, method D1, values as reproduced in IS 732:2019 Table 24"
Cu,XLPE,D2,3,2.5,30,"IEC 60364-5-52:2009 Table B.52.5, method D2, values as reproduced in IS 732:2019 Table 24"
Cu,XLPE,A1,3,4,31,"IEC 60364-5-52:2009 Table B.52.5, method A1, values as reproduced in IS 732:2019 Table 24"
Cu,XLPE,A2,3,4,30,"IEC 60364-5-52:2009 Table B.52.5, method A2, values as reproduced in IS 732:2019 Table 24"
Cu,XLPE,B1,3,4,37,"IEC 60364-5-52:2009 Table B.52.5, method B1, values as reproduced in IS 732:2019 Table 24"
Cu,XLPE,B2,3,4,35,"IEC 60364-5-52:2009 Table B.52.5, method B2, values as reproduced in IS 732:2019 Table 24"
Cu,XLPE,C,3,4,40,"IEC 60364-5-52:2009 Table B.52.5, method C, values as reproduced in IS 732:2019 Table 24"
Cu,XLPE,D1,3,4,36,"IEC 60364-5-52:2009 Table B.52.5, method D1, values as reproduced in IS 732:2019 Table 24"
Cu,XLPE,D2,3,4,39,"IEC 60364-5-52:2009 Table B.52.5, method D2, values as reproduced in IS 732:2019 Table 24"
Cu,XLPE,A1,3,6,40,"IEC 60364-5-52:2009 Table B.52.5, method A1, values as reproduced in IS 732:2019 Table 24"
Cu,XLPE,A2,3,6,38,"IEC 60364-5-52:2009 Table B.52.5, method A2, values as reproduced in IS 732:2019 Table 24"
Cu,XLPE,B1,3,6,48,"IEC 60364-5-52:2009 Table B.52.5, method B1, values as reproduced in IS 732:2019 Table 24"
Cu,XLPE,B2,3,6,44,"IEC 60364-5-52:2009 Table B.52.5, method B2, values as reproduced in IS 732:2019 Table 24"
Cu,XLPE,C,3,6,52,"IEC 60364-5-52:2009 Table B.52.5, method C, values as reproduced in IS 732:2019 Table 24"
Cu,XLPE,D1,3,6,44,"IEC 60364-5-52:2009 Table B.52.5, method D1, values as reproduced in IS 732:2019 Table 24"
Cu,XLPE,D2,3,6,49,"IEC 60364-5-52:2009 Table B.52.5, method D2, values as reproduced in IS 732:2019 Table 24"
Cu,XLPE,A1,3,10,54,"IEC 60364-5-52:2009 Table B.52.5, method A1, values as reproduced in IS 732:2019 Table 24"
Cu,XLPE,A2,3,10,51,"IEC 60364-5-52:2009 Table B.52.5, method A2, values as reproduced in IS 732:2019 Table 24"
Cu,XLPE,B1,3,10,66,"IEC 60364-5-52:2009 Table B.52.5, method B1, values as reproduced in IS 732:2019 Table 24"
Cu,XLPE,B2,3,10,60,"IEC 60364-5-52:2009 Table B.52.5, method B2, values as reproduced in IS 732:2019 Table 24"
Cu,XLPE,C,3,10,71,"IEC 60364-5-52:2009 Table B.52.5, method C, values as reproduced in IS 732:2019 Table 24"
Cu,XLPE,D1,3,10,58,"IEC 60364-5-52:2009 Table B.52.5, method D1, values as reproduced in IS 732:2019 Table 24"
Cu,XLPE,D2,3,10,65,"IEC 60364-5-52:2009 Table B.52.5, method D2, values as reproduced in IS 732:2019 Table 24"
Cu,XLPE,A1,3,16,73,"IEC 60364-5-52:2009 Table B.52.5, method A1, values as reproduced in IS 732:2019 Table 24"
Cu,XLPE,A2,3,16,68,"IEC 60364-5-52:2009 Table B.52.5, method A2, values as reproduced in IS 732:2019 Table 24"
Cu,XLPE,B1,3,16,88,"IEC 60364-5-52:2009 Table B.52.5, method B1, values as reproduced in IS 732:2019 Table 24"
Cu,XLPE,B2,3,16,80,"IEC 60364-5-52:2009 Table B.52.5, method B2, values as reproduced in IS 732:2019 Table 24"
Cu,XLPE,C,3,16,96,"IEC 60364-5-52:2009 Table B.52.5, method C, values as reproduced in IS 732:2019 Table 24"
Cu,XLPE,D1,3,16,75,"IEC 60364-5-52:2009 Table B.52.5, method D1, values as reproduced in IS 732:2019 Table 24"
Cu,XLPE,D2,3,16,84,"IEC 60364-5-52:2009 Table B.52.5, method D2, values as reproduced in IS 732:2019 Table 24"
Cu,XLPE,A1,3,25,95,"IEC 60364-5-52:2009 Table B.52.5, method A1, values as reproduced in IS 732:2019 Table 24"
Cu,XLPE,A2,3,25,89,"IEC 60364-5-52:2009 Table B.52.5, method A2, values as reproduced in IS 732:2019 Table 24"
Cu,XLPE,B1,3,25,117,"IEC 60364-5-52:2009 Table B.52.5, method B1, values as reproduced in IS 732:2019 Table 24"
Cu,XLPE,B2,3,25,105,"IEC 60364-5-52:2009 Table B.52.5, method B2, values as reproduced in IS 732:2019 Table 24"
Cu,XLPE,C,3,25,119,"IEC 60364-5-52:2009 Table B.52.5, method C, values as reproduced in IS 732:2019 Table 24"
Cu,XLPE,D1,3,25,96,"IEC 60364-5-52:2009 Table B.52.5, method D1, values as reproduced in IS 732:2019 Table 24"
Cu,XLPE,D2,3,25,107,"IEC 60364-5-52:2009 Table B.52.5, method D2, values as reproduced in IS 732:2019 Table 24"
Cu,XLPE,A1,3,35,117,"IEC 60364-5-52:2009 Table B.52.5, method A1, values as reproduced in IS 732:2019 Table 24"
Cu,XLPE,A2,3,35,109,"IEC 60364-5-52:2009 Table B.52.5, method A2, values as reproduced in IS 732:2019 Table 24"
Cu,XLPE,B1,3,35,144,"IEC 60364-5-52:2009 Table B.52.5, method B1, values as reproduced in IS 732:2019 Table 24"
Cu,XLPE,B2,3,35,128,"IEC 60364-5-52:2009 Table B.52.5, method B2, values as reproduced in IS 732:2019 Table 24"
Cu,XLPE,C,3,35,147,"IEC 60364-5-52:2009 Table B.52.5, method C, values as reproduced in IS 732:2019 Table 24"
Cu,XLPE,D1,3,35,115,"IEC 60364-5-52:2009 Table B.52.5, method D1, values as reproduced in IS 732:2019 Table 24"
Cu,XLPE,D2,3,35,129,"IEC 60364-5-52:2009 Table B.52.5, method D2, values as reproduced in IS 732:2019 Table 24"
Cu,XLPE,A1,3,50,141,"IEC 60364-5-52:2009 Table B.52.5, method A1, values as reproduced in IS 732:2019 Table 24"
Cu,XLPE,A2,3,50,130,"IEC 60364-5-52:2009 Table B.52.5, method A2, values as reproduced in IS 732:2019 Table 24"
Cu,XLPE,B1,3,50,175,"IEC 60364-5-52:2009 Table B.52.5, method B1, values as reproduced in IS 732:2019 Table 24"
Cu,XLPE,B2,3,50,154,"IEC 60364-5-52:2009 Table B.52.5, method B2, values as reproduced in IS 732:2019 Table 24"
Cu,XLPE,C,3,50,179,"IEC 60364-5-52:2009 Table B.52.5, method C, values as reproduced in IS 732:2019 Table 24"
Cu,XLPE,D1,3,50,135,"IEC 60364-5-52:2009 Table B.52.5, method D1, values as reproduced in IS 732:2019 Table 24"
Cu,XLPE,D2,3,50,153,"IEC 60364-5-52:2009 Table B.52.5, method D2, values as reproduced in IS 732:2019 Table 24"
Cu,XLPE,A1,3,70,179,"IEC 60364-5-52:2009 Table B.52.5, method A1, values as reproduced in IS 732:2019 Table 24"
Cu,XLPE,A2,3,70,164,"IEC 60364-5-52:2009 Table B.52.5, method A2, values as reproduced in IS 732:2019 Table 24"
Cu,XLPE,B1,3,70,222,"IEC 60364-5-52:2009 Table B.52.5, method B1, values as reproduced in IS 732:2019 Table 24"
Cu,XLPE,B2,3,70,194,"IEC 60364-5-52:2009 Table B.52.5, method B2, values as reproduced in IS 732:2019 Table 24"
Cu,XLPE,C,3,70,229,"IEC 60364-5-52:2009 Table B.52.5, method C, values as reproduced in IS 732:2019 Table 24"
Cu,XLPE,D1,3,70,167,"IEC 60364-5-52:2009 Table B.52.5, method D1, values as reproduced in IS 732:2019 Table 24"
Cu,XLPE,D2,3,70,188,"IEC 60364-5-52:2009 Table B.52.5, method D2, values as reproduced in IS 732:2019 Table 24"
Cu,XLPE,A1,3,95,216,"IEC 60364-5-52:2009 Table B.52.5, method A1, values as reproduced in IS 732:2019 Table 24"
Cu,XLPE,A2,3,95,197,"IEC 60364-5-52:2009 Table B.52.5, method A2, values as reproduced in IS 732:2019 Table 24"
Cu,XLPE,B1,3,95,269,"IEC 60364-5-52:2009 Table B.52.5, method B1, values as reproduced in IS 732:2019 Table 24"
Cu,XLPE,B2,3,95,233,"IEC 60364-5-52:2009 Table B.52.5, method B2, values as reproduced in IS 732:2019 Table 24"
Cu,XLPE,C,3,95,278,"IEC 60364-5-52:2009 Table B.52.5, method C, values as reproduced in IS 732:2019 Table 24"
Cu,XLPE,D1,3,95,197,"IEC 60364-5-52:2009 Table B.52.5, method D1, values as reproduced in IS 732:2019 Table 24"
Cu,XLPE,D2,3,95,226,"IEC 60364-5-52:2009 Table B.52.5, method D2, values as reproduced in IS 732:2019 Table 24"
Cu,XLPE,A1,3,120,249,"IEC 60364-5-52:2009 Table B.52.5, method A1, values as reproduced in IS 732:2019 Table 24"
Cu,XLPE,A2,3,120,227,"IEC 60364-5-52:2009 Table B.52.5, method A2, values as reproduced in IS 732:2019 Table 24"
Cu,XLPE,B1,3,120,312,"IEC 60364-5-52:2009 Table B.52.5, method B1, values as reproduced in IS 732:2019 Table 24"
Cu,XLPE,B2,3,120,268,"IEC 60364-5-52:2009 Table B.52.5, method B2, values as reproduced in IS 732:2019 Table 24"
Cu,XLPE,C,3,120,322,"IEC 60364-5-52:2009 Table B.52.5, method C, values as reproduced in IS 732:2019 Table 24"
Cu,XLPE,D1,3,120,223,"IEC 60364-5-52:2009 Table B.52.5, method D1, values as reproduced in IS 732:2019 Table 24"
Cu,XLPE,D2,3,120,257,"IEC 60364-5-52:2009 Table B.52.5, method D2, values as reproduced in IS 732:2019 Table 24"
Cu,XLPE,A1,3,150,285,"IEC 60364-5-52:2009 Table B.52.5, method A1, values as reproduced in IS 732:2019 Table 24"
Cu,XLPE,A2,3,150,259,"IEC 60364-5-52:2009 Table B.52.5, method A2, values as reproduced in IS 732:2019 Table 24"
Cu,XLPE,B1,3,150,342,"IEC 60364-5-52:2009 Table B.52.5, method B1, values as reproduced in IS 732:2019 Table 24"
Cu,XLPE,B2,3,150,300,"IEC 60364-5-52:2009 Table B.52.5, method B2, values as reproduced in IS 732:2019 Table 24"
Cu,XLPE,C,3,150,371,"IEC 60364-5-52:2009 Table B.52.5, method C, values as reproduced in IS 732:2019 Table 24"
Cu,XLPE,D1,3,150,251,"IEC 60364-5-52:2009 Table B.52.5, method D1, values as reproduced in IS 732:2019 Table 24"
Cu,XLPE,D2,3,150,287,"IEC 60364-5-52:2009 Table B.52.5, method D2, values as reproduced in IS 732:2019 Table 24"
Cu,XLPE,A1,3,185,324,"IEC 60364-5-52:2009 Table B.52.5, method A1, values as reproduced in IS 732:2019 Table 24"
Cu,XLPE,A2,3,185,295,"IEC 60364-5-52:2009 Table B.52.5, method A2, values as reproduced in IS 732:2019 Table 24"
Cu,XLPE,B1,3,185,384,"IEC 60364-5-52:2009 Table B.52.5, method B1, values as reproduced in IS 732:2019 Table 24"
Cu,XLPE,B2,3,185,340,"IEC 60364-5-52:2009 Table B.52.5, method B2, values as reproduced in IS 732:2019 Table 24"
Cu,XLPE,C,3,185,424,"IEC 60364-5-52:2009 Table B.52.5, method C, values as reproduced in IS 732:2019 Table 24"
Cu,XLPE,D1,3,185,281,"IEC 60364-5-52:2009 Table B.52.5, method D1, values as reproduced in IS 732:2019 Table 24"
Cu,XLPE,D2,3,185,324,"IEC 60364-5-52:2009 Table B.52.5, method D2, values as reproduced in IS 732:2019 Table 24"
Cu,XLPE,A1,3,240,380,"IEC 60364-5-52:2009 Table B.52.5, method A1, values as reproduced in IS 732:2019 Table 24"
Cu,XLPE,A2,3,240,346,"IEC 60364-5-52:2009 Table B.52.5, method A2, values as reproduced in IS 732:2019 Table 24"
Cu,XLPE,B1,3,240,450,"IEC 60364-5-52:2009 Table B.52.5, method B1, values as reproduced in IS 732:2019 Table 24"
Cu,XLPE,B2,3,240,398,"IEC 60364-5-52:2009 Table B.52.5, method B2, values as reproduced in IS 732:2019 Table 24"
Cu,XLPE,C,3,240,500,"IEC 60364-5-52:2009 Table B.52.5, method C, values as reproduced in IS 732:2019 Table 24"
Cu,XLPE,D1,3,240,324,"IEC 60364-5-52:2009 Table B.52.5, method D1, values as reproduced in IS 732:2019 Table 24"
Cu,XLPE,D2,3,240,375,"IEC 60364-5-52:2009 Table B.52.5, method D2, values as reproduced in IS 732:2019 Table 24"
Cu,XLPE,A1,3,300,435,"IEC 60364-5-52:2009 Table B.52.5, method A1, values as reproduced in IS 732:2019 Table 24"
Cu,XLPE,A2,3,300,396,"IEC 60364-5-52:2009 Table B.52.5, method A2, values as reproduced in IS 732:2019 Table 24"
Cu,XLPE,B1,3,300,514,"IEC 60364-5-52:2009 Table B.52.5, method B1, values as reproduced in IS 732:2019 Table 24"
Cu,XLPE,B2,3,300,455,"IEC 60364-5-52:2009 Table B.52.5, method B2, values as reproduced in IS 732:2019 Table 24"
Cu,XLPE,C,3,300,576,"IEC 60364-5-52:2009 Table B.52.5, method C, values as reproduced in IS 732:2019 Table 24"
Cu,XLPE,D1,3,300,365,"IEC 60364-5-52:2009 Table B.52.5, method D1, values as reproduced in IS 732:2019 Table 24"
Cu,XLPE,D2,3,300,419,"IEC 60364-5-52:2009 Table B.52.5, method D2, values as reproduced in IS 732:2019 Table 24"
Al,XLPE,A1,3,2.5,19,"IEC 60364-5-52:2009 Table B.52.5, method A1, values as reproduced in IS 732:2019 Table 24"
Al,XLPE,A2,3,2.5,18,"IEC 60364-5-52:2009 Table B.52.5, method A2, values as reproduced in IS 732:2019 Table 24"
Al,XLPE,B1,3,2.5,22,"IEC 60364-5-52:2009 Table B.52.5, method B1, values as reproduced in IS 732:2019 Table 24"
Al,XLPE,B2,3,2.5,21,"IEC 60364-5-52:2009 Table B.52.5, method B2, values as reproduced in IS 732:2019 Table 24"
Al,XLPE,C,3,2.5,24,"IEC 60364-5-52:2009 Table B.52.5, method C, values as reproduced in IS 732:2019 Table 24"
Al,XLPE,D1,3,2.5,22,"IEC 60364-5-52:2009 Table B.52.5, method D1, values as reproduced in IS 732:2019 Table 24"
Al,XLPE,A1,3,4,25,"IEC 60364-5-52:2009 Table B.52.5, method A1, values as reproduced in IS 732:2019 Table 24"
Al,XLPE,A2,3,4,24,"IEC 60364-5-52:2009 Table B.52.5, method A2, values as reproduced in IS 732:2019 Table 24"
Al,XLPE,B1,3,4,29,"IEC 60364-5-52:2009 Table B.52.5, method B1, values as reproduced in IS 732:2019 Table 24"
Al,XLPE,B2,3,4,28,"IEC 60364-5-52:2009 Table B.52.5, method B2, values as reproduced in IS 732:2019 Table 24"
Al,XLPE,C,3,4,32,"IEC 60364-5-52:2009 Table B.52.5, method C, values as reproduced in IS 732:2019 Table 24"
Al,XLPE,D1,3,4,28,"IEC 60364-5-52:2009 Table B.52.5, method D1, values as reproduced in IS 732:2019 Table 24"
Al,XLPE,A1,3,6,32,"IEC 60364-5-52:2009 Table B.52.5, method A1, values as reproduced in IS 732:2019 Table 24"
Al,XLPE,A2,3,6,31,"IEC 60364-5-52:2009 Table B.52.5, method A2, values as reproduced in IS 732:2019 Table 24"
Al,XLPE,B1,3,6,38,"IEC 60364-5-52:2009 Table B.52.5, method B1, values as reproduced in IS 732:2019 Table 24"
Al,XLPE,B2,3,6,35,"IEC 60364-5-52:2009 Table B.52.5, method B2, values as reproduced in IS 732:2019 Table 24"
Al,XLPE,C,3,6,41,"IEC 60364-5-52:2009 Table B.52.5, method C, values as reproduced in IS 732:2019 Table 24"
Al,XLPE,D1,3,6,35,"IEC 60364-5-52:2009 Table B.52.5, method D1, values as reproduced in IS 732:2019 Table 24"
Al,XLPE,A1,3,10,44,"IEC 60364-5-52:2009 Table B.52.5, method A1, values as reproduced in IS 732:2019 Table 24"
Al,XLPE,A2,3,10,41,"IEC 60364-5-52:2009 Table B.52.5, method A2, values as reproduced in IS 732:2019 Table 24"
Al,XLPE,B1,3,10,52,"IEC 60364-5-52:2009 Table B.52.5, method B1, values as reproduced in IS 732:2019 Table 24"
Al,XLPE,B2,3,10,48,"IEC 60364-5-52:2009 Table B.52.5, method B2, values as reproduced in IS 732:2019 Table 24"
Al,XLPE,C,3,10,57,"IEC 60364-5-52:2009 Table B.52.5, method C, values as reproduced in IS 732:2019 Table 24"
Al,XLPE,D1,3,10,46,"IEC 60364-5-52:2009 Table B.52.5, method D1, values as reproduced in IS 732:2019 Table 24"
Al,XLPE,A1,3,16,58,"IEC 60364-5-52:2009 Table B.52.5, method A1, values as reproduced in IS 732:2019 Table 24"
Al,XLPE,A2,3,16,55,"IEC 60364-5-52:2009 Table B.52.5, method A2, values as reproduced in IS 732:2019 Table 24"
Al,XLPE,B1,3,16,71,"IEC 60364-5-52:2009 Table B.52.5, method B1, values as reproduced in IS 732:2019 Table 24"
Al,XLPE,B2,3,16,64,"IEC 60364-5-52:2009 Table B.52.5, method B2, values as reproduced in IS 732:2019 Table 24"
Al,XLPE,C,3,16,76,"IEC 60364-5-52:2009 Table B.52.5, method C, values as reproduced in IS 732:2019 Table 24"
Al,XLPE,D1,3,16,59,"IEC 60364-5-52:2009 Table B.52.5, method D1, values as reproduced in IS 732:2019 Table 24"
Al,XLPE,D2,3,16,64,"IEC 60364-5-52:2009 Table B.52.5, method D2, values as reproduced in IS 732:2019 Table 24"
Al,XLPE,A1,3,25,76,"IEC 60364-5-52:2009 Table B.52.5, method A1, values as reproduced in IS 732:2019 Table 24"
Al,XLPE,A2,3,25,71,"IEC 60364-5-52:2009 Table B.52.5, method A2, values as reproduced in IS 732:2019 Table 24"
Al,XLPE,B1,3,25,93,"IEC 60364-5-52:2009 Table B.52.5, method B1, values as reproduced in IS 732:2019 Table 24"
Al,XLPE,B2,3,25,84,"IEC 60364-5-52:2009 Table B.52.5, method B2, values as reproduced in IS 732:2019 Table 24"
Al,XLPE,C,3,25,90,"IEC 60364-5-52:2009 Table B.52.5, method C, values as reproduced in IS 732:2019 Table 24"
Al,XLPE,D1,3,25,75,"IEC 60364-5-52:2009 Table B.52.5, method D1, values as reproduced in IS 732:2019 Table 24"
Al,XLPE,D2,3,25,82,"IEC 60364-5-52:2009 Table B.52.5, method D2, values as reproduced in IS 732:2019 Table 24"
Al,XLPE,A1,3,35,94,"IEC 60364-5-52:2009 Table B.52.5, method A1, values as reproduced in IS 732:2019 Table 24"
Al,XLPE,A2,3,35,87,"IEC 60364-5-52:2009 Table B.52.5, method A2, values as reproduced in IS 732:2019 Table 24"
Al,XLPE,B1,3,35,116,"IEC 60364-5-52:2009 Table B.52.5, method B1, values as reproduced in IS 732:2019 Table 24"
Al,XLPE,B2,3,35,103,"IEC 60364-5-52:2009 Table B.52.5, method B2, values as reproduced in IS 732:2019 Table 24"
Al,XLPE,C,3,35,112,"IEC 60364-5-52:2009 Table B.52.5, method C, values as reproduced in IS 732:2019 Table 24"
Al,XLPE,D1,3,35,90,"IEC 60364-5-52:2009 Table B.52.5, method D1, values as reproduced in IS 732:2019 Table 24"
Al,XLPE,D2,3,35,98,"IEC 60364-5-52:2009 Table B.52.5, method D2, values as reproduced in IS 732:2019 Table 24"
Al,XLPE,A1,3,50,113,"IEC 60364-5-52:2009 Table B.52.5, method A1, values as reproduced in IS 732:2019 Table 24"
Al,XLPE,A2,3,50,104,"IEC 60364-5-52:2009 Table B.52.5, method A2, values as reproduced in IS 732:2019 Table 24"
Al,XLPE,B1,3,50,140,"IEC 60364-5-52:2009 Table B.52.5, method B1, values as reproduced in IS 732:2019 Table 24"
Al,XLPE,B2,3,50,124,"IEC 60364-5-52:2009 Table B.52.5, method B2, values as reproduced in IS 732:2019 Table 24"
Al,XLPE,C,3,50,136,"IEC 60364-5-52:2009 Table B.52.5, method C, values as reproduced in IS 732:2019 Table 24"
Al,XLPE,D1,3,50,106,"IEC 60364-5-52:2009 Table B.52.5, method D1, values as reproduced in IS 732:2019 Table 24"
Al,XLPE,D2,3,50,117,"IEC 60364-5-52:2009 Table B.52.5, method D2, values as reproduced in IS 732:2019 Table 24"
Al,XLPE,A1,3,70,142,"IEC 60364-5-52:2009 Table B.52.5, method A1, values as reproduced in IS 732:2019 Table 24"
Al,XLPE,A2,3,70,131,"IEC 60364-5-52:2009 Table B.52.5, method A2, values as reproduced in IS 732:2019 Table 24"
Al,XLPE,B1,3,70,179,"IEC 60364-5-52:2009 Table B.52.5, method B1, values as reproduced in IS 732:2019 Table 24"
Al,XLPE,B2,3,70,156,"IEC 60364-5-52:2009 Table B.52.5, method B2, values as reproduced in IS 732:2019 Table 24"
Al,XLPE,C,3,70,174,"IEC 60364-5-52:2009 Table B.52.5, method C, values as reproduced in IS 732:2019 Table 24"
Al,XLPE,D1,3,70,130,"IEC 60364-5-52:2009 Table B.52.5, method D1, values as reproduced in IS 732:2019 Table 24"
Al,XLPE,D2,3,70,144,"IEC 60364-5-52:2009 Table B.52.5, method D2, values as reproduced in IS 732:2019 Table 24"
Al,XLPE,A1,3,95,171,"IEC 60364-5-52:2009 Table B.52.5, method A1, values as reproduced in IS 732:2019 Table 24"
Al,XLPE,A2,3,95,157,"IEC 60364-5-52:2009 Table B.52.5, method A2, values as reproduced in IS 732:2019 Table 24"
Al,XLPE,B1,3,95,217,"IEC 60364-5-52:2009 Table B.52.5, method B1, values as reproduced in IS 732:2019 Table 24"
Al,XLPE,B2,3,95,188,"IEC 60364-5-52:2009 Table B.52.5, method B2, values as reproduced in IS 732:2019 Table 24"
Al,XLPE,C,3,95,211,"IEC 60364-5-52:2009 Table B.52.5, method C, values as reproduced in IS 732:2019 Table 24"
Al,XLPE,D1,3,95,154,"IEC 60364-5-52:2009 Table B.52.5, method D1, values as reproduced in IS 732:2019 Table 24"
Al,XLPE,D2,3,95,172,"IEC 60364-5-52:2009 Table B.52.5, method D2, values as reproduced in IS 732:2019 Table 24"
Al,XLPE,A1,3,120,197,"IEC 60364-5-52:2009 Table B.52.5, method A1, values as reproduced in IS 732:2019 Table 24"
Al,XLPE,A2,3,120,180,"IEC 60364-5-52:2009 Table B.52.5, method A2, values as reproduced in IS 732:2019 Table 24"
Al,XLPE,B1,3,120,251,"IEC 60364-5-52:2009 Table B.52.5, method B1, values as reproduced in IS 732:2019 Table 24"
Al,XLPE,B2,3,120,216,"IEC 60364-5-52:2009 Table B.52.5, method B2, values as reproduced in IS 732:2019 Table 24"
Al,XLPE,C,3,120,245,"IEC 60364-5-52:2009 Table B.52.5, method C, values as reproduced in IS 732:2019 Table 24"
Al,XLPE,D1,3,120,174,"IEC 60364-5-52:2009 Table B.52.5, method D1, values as reproduced in IS 732:2019 Table 24"
Al,XLPE,D2,3,120,197,"IEC 60364-5-52:2009 Table B.52.5, method D2, values as reproduced in IS 732:2019 Table 24"
Al,XLPE,A1,3,150,226,"IEC 60364-5-52:2009 Table B.52.5, method A1, values as reproduced in IS 732:2019 Table 24"
Al,XLPE,A2,3,150,206,"IEC 60364-5-52:2009 Table B.52.5, method A2, values as reproduced in IS 732:2019 Table 24"
Al,XLPE,B1,3,150,267,"IEC 60364-5-52:2009 Table B.52.5, method B1, values as reproduced in IS 732:2019 Table 24"
Al,XLPE,B2,3,150,240,"IEC 60364-5-52:2009 Table B.52.5, method B2, values as reproduced in IS 732:2019 Table 24"
Al,XLPE,C,3,150,283,"IEC 60364-5-52:2009 Table B.52.5, method C, values as reproduced in IS 732:2019 Table 24"
Al,XLPE,D1,3,150,197,"IEC 60364-5-52:2009 Table B.52.5, method D1, values as reproduced in IS 732:2019 Table 24"
Al,XLPE,D2,3,150,220,"IEC 60364-5-52:2009 Table B.52.5, method D2, values as reproduced in IS 732:2019 Table 24"
Al,XLPE,A1,3,185,256,"IEC 60364-5-52:2009 Table B.52.5, method A1, values as reproduced in IS 732:2019 Table 24"
Al,XLPE,A2,3,185,233,"IEC 60364-5-52:2009 Table B.52.5, method A2, values as reproduced in IS 732:2019 Table 24"
Al,XLPE,B1,3,185,300,"IEC 60364-5-52:2009 Table B.52.5, method B1, values as reproduced in IS 732:2019 Table 24"
Al,XLPE,B2,3,185,272,"IEC 60364-5-52:2009 Table B.52.5, method B2, values as reproduced in IS 732:2019 Table 24"
Al,XLPE,C,3,185,323,"IEC 60364-5-52:2009 Table B.52.5, method C, values as reproduced in IS 732:2019 Table 24"
Al,XLPE,D1,3,185,220,"IEC 60364-5-52:2009 Table B.52.5, method D1, values as reproduced in IS 732:2019 Table 24"
Al,XLPE,D2,3,185,250,"IEC 60364-5-52:2009 Table B.52.5, method D2, values as reproduced in IS 732:2019 Table 24"
Al,XLPE,A1,3,240,300,"IEC 60364-5-52:2009 Table B.52.5, method A1, values as reproduced in IS 732:2019 Table 24"
Al,XLPE,A2,3,240,273,"IEC 60364-5-52:2009 Table B.52.5, method A2, values as reproduced in IS 732:2019 Table 24"
Al,XLPE,B1,3,240,351,"IEC 60364-5-52:2009 Table B.52.5, method B1, values as reproduced in IS 732:2019 Table 24"
Al,XLPE,B2,3,240,318,"IEC 60364-5-52:2009 Table B.52.5, method B2, values as reproduced in IS 732:2019 Table 24"
Al,XLPE,C,3,240,382,"IEC 60364-5-52:2009 Table B.52.5, method C, values as reproduced in IS 732:2019 Table 24"
Al,XLPE,D1,3,240,253,"IEC 60364-5-52:2009 Table B.52.5, method D1, values as reproduced in IS 732:2019 Table 24"
Al,XLPE,D2,3,240,290,"IEC 60364-5-52:2009 Table B.52.5, method D2, values as reproduced in IS 732:2019 Table 24"
Al,XLPE,A1,3,300,344,"IEC 60364-5-52:2009 Table B.52.5, method A1, values as reproduced in IS 732:2019 Table 24"
Al,XLPE,A2,3,300,313,"IEC 60364-5-52:2009 Table B.52.5, method A2, values as reproduced in IS 732:2019 Table 24"
Al,XLPE,B1,3,300,402,"IEC 60364-5-52:2009 Table B.52.5, method B1, values as reproduced in IS 732:2019 Table 24"
Al,XLPE,B2,3,300,364,"IEC 60364-5-52:2009 Table B.52.5, method B2, values as reproduced in IS 732:2019 Table 24"
Al,XLPE,C,3,300,440,"IEC 60364-5-52:2009 Table B.52.5, method C, values as reproduced in IS 732:2019 Table 24"
Al,XLPE,D1,3,300,286,"IEC 60364-5-52:2009 Table B.52.5, method D1, values as reproduced in IS 732:2019 Table 24"
Al,XLPE,D2,3,300,326,"IEC 60364-5-52:2009 Table B.52.5, method D2, values as reproduced in IS 732:2019 Table 24"
Cu,PVC,E,2,1.5,22,"IEC 60364-5-52:2009 Table B.52.10, method E, multi-core, 2 loaded conductors, values as reproduced in IS 732:2019 Table 29; IEC table number by the consistent IS-to-IEC numbering"
Cu,PVC,E,3,1.5,18.5,"IEC 60364-5-52:2009 Table B.52.10, method E, multi-core, 3 loaded conductors, values as reproduced in IS 732:2019 Table 29; IEC table number by the consistent IS-to-IEC numbering"
Cu,PVC,E,2,2.5,30,"IEC 60364-5-52:2009 Table B.52.10, method E, multi-core, 2 loaded conductors, values as reproduced in IS 732:2019 Table 29; IEC table number by the consistent IS-to-IEC numbering"
Cu,PVC,E,3,2.5,25,"IEC 60364-5-52:2009 Table B.52.10, method E, multi-core, 3 loaded conductors, values as reproduced in IS 732:2019 Table 29; IEC table number by the consistent IS-to-IEC numbering"
Cu,PVC,E,2,4,40,"IEC 60364-5-52:2009 Table B.52.10, method E, multi-core, 2 loaded conductors, values as reproduced in IS 732:2019 Table 29; IEC table number by the consistent IS-to-IEC numbering"
Cu,PVC,E,3,4,34,"IEC 60364-5-52:2009 Table B.52.10, method E, multi-core, 3 loaded conductors, values as reproduced in IS 732:2019 Table 29; IEC table number by the consistent IS-to-IEC numbering"
Cu,PVC,E,2,6,51,"IEC 60364-5-52:2009 Table B.52.10, method E, multi-core, 2 loaded conductors, values as reproduced in IS 732:2019 Table 29; IEC table number by the consistent IS-to-IEC numbering"
Cu,PVC,E,3,6,43,"IEC 60364-5-52:2009 Table B.52.10, method E, multi-core, 3 loaded conductors, values as reproduced in IS 732:2019 Table 29; IEC table number by the consistent IS-to-IEC numbering"
Cu,PVC,E,2,10,70,"IEC 60364-5-52:2009 Table B.52.10, method E, multi-core, 2 loaded conductors, values as reproduced in IS 732:2019 Table 29; IEC table number by the consistent IS-to-IEC numbering"
Cu,PVC,E,3,10,60,"IEC 60364-5-52:2009 Table B.52.10, method E, multi-core, 3 loaded conductors, values as reproduced in IS 732:2019 Table 29; IEC table number by the consistent IS-to-IEC numbering"
Cu,PVC,E,2,16,94,"IEC 60364-5-52:2009 Table B.52.10, method E, multi-core, 2 loaded conductors, values as reproduced in IS 732:2019 Table 29; IEC table number by the consistent IS-to-IEC numbering"
Cu,PVC,E,3,16,80,"IEC 60364-5-52:2009 Table B.52.10, method E, multi-core, 3 loaded conductors, values as reproduced in IS 732:2019 Table 29; IEC table number by the consistent IS-to-IEC numbering"
Cu,PVC,E,2,25,119,"IEC 60364-5-52:2009 Table B.52.10, method E, multi-core, 2 loaded conductors, values as reproduced in IS 732:2019 Table 29; IEC table number by the consistent IS-to-IEC numbering"
Cu,PVC,E,3,25,101,"IEC 60364-5-52:2009 Table B.52.10, method E, multi-core, 3 loaded conductors, values as reproduced in IS 732:2019 Table 29; IEC table number by the consistent IS-to-IEC numbering"
Cu,PVC,E,2,35,148,"IEC 60364-5-52:2009 Table B.52.10, method E, multi-core, 2 loaded conductors, values as reproduced in IS 732:2019 Table 29; IEC table number by the consistent IS-to-IEC numbering"
Cu,PVC,E,3,35,126,"IEC 60364-5-52:2009 Table B.52.10, method E, multi-core, 3 loaded conductors, values as reproduced in IS 732:2019 Table 29; IEC table number by the consistent IS-to-IEC numbering"
Cu,PVC,E,2,50,180,"IEC 60364-5-52:2009 Table B.52.10, method E, multi-core, 2 loaded conductors, values as reproduced in IS 732:2019 Table 29; IEC table number by the consistent IS-to-IEC numbering"
Cu,PVC,E,3,50,153,"IEC 60364-5-52:2009 Table B.52.10, method E, multi-core, 3 loaded conductors, values as reproduced in IS 732:2019 Table 29; IEC table number by the consistent IS-to-IEC numbering"
Cu,PVC,E,2,70,232,"IEC 60364-5-52:2009 Table B.52.10, method E, multi-core, 2 loaded conductors, values as reproduced in IS 732:2019 Table 29; IEC table number by the consistent IS-to-IEC numbering"
Cu,PVC,E,3,70,196,"IEC 60364-5-52:2009 Table B.52.10, method E, multi-core, 3 loaded conductors, values as reproduced in IS 732:2019 Table 29; IEC table number by the consistent IS-to-IEC numbering"
Cu,PVC,E,2,95,282,"IEC 60364-5-52:2009 Table B.52.10, method E, multi-core, 2 loaded conductors, values as reproduced in IS 732:2019 Table 29; IEC table number by the consistent IS-to-IEC numbering"
Cu,PVC,E,3,95,238,"IEC 60364-5-52:2009 Table B.52.10, method E, multi-core, 3 loaded conductors, values as reproduced in IS 732:2019 Table 29; IEC table number by the consistent IS-to-IEC numbering"
Cu,PVC,E,2,120,328,"IEC 60364-5-52:2009 Table B.52.10, method E, multi-core, 2 loaded conductors, values as reproduced in IS 732:2019 Table 29; IEC table number by the consistent IS-to-IEC numbering"
Cu,PVC,E,3,120,276,"IEC 60364-5-52:2009 Table B.52.10, method E, multi-core, 3 loaded conductors, values as reproduced in IS 732:2019 Table 29; IEC table number by the consistent IS-to-IEC numbering"
Cu,PVC,E,2,150,379,"IEC 60364-5-52:2009 Table B.52.10, method E, multi-core, 2 loaded conductors, values as reproduced in IS 732:2019 Table 29; IEC table number by the consistent IS-to-IEC numbering"
Cu,PVC,E,3,150,319,"IEC 60364-5-52:2009 Table B.52.10, method E, multi-core, 3 loaded conductors, values as reproduced in IS 732:2019 Table 29; IEC table number by the consistent IS-to-IEC numbering"
Cu,PVC,E,2,185,434,"IEC 60364-5-52:2009 Table B.52.10, method E, multi-core, 2 loaded conductors, values as reproduced in IS 732:2019 Table 29; IEC table number by the consistent IS-to-IEC numbering"
Cu,PVC,E,3,185,364,"IEC 60364-5-52:2009 Table B.52.10, method E, multi-core, 3 loaded conductors, values as reproduced in IS 732:2019 Table 29; IEC table number by the consistent IS-to-IEC numbering"
Cu,PVC,E,2,240,514,"IEC 60364-5-52:2009 Table B.52.10, method E, multi-core, 2 loaded conductors, values as reproduced in IS 732:2019 Table 29; IEC table number by the consistent IS-to-IEC numbering"
Cu,PVC,E,3,240,430,"IEC 60364-5-52:2009 Table B.52.10, method E, multi-core, 3 loaded conductors, values as reproduced in IS 732:2019 Table 29; IEC table number by the consistent IS-to-IEC numbering"
Cu,PVC,E,2,300,593,"IEC 60364-5-52:2009 Table B.52.10, method E, multi-core, 2 loaded conductors, values as reproduced in IS 732:2019 Table 29; IEC table number by the consistent IS-to-IEC numbering"
Cu,PVC,E,3,300,497,"IEC 60364-5-52:2009 Table B.52.10, method E, multi-core, 3 loaded conductors, values as reproduced in IS 732:2019 Table 29; IEC table number by the consistent IS-to-IEC numbering"
Al,PVC,E,2,2.5,23,"IEC 60364-5-52:2009 Table B.52.11, method E, multi-core, 2 loaded conductors, values as reproduced in IS 732:2019 Table 30; IEC table number by the consistent IS-to-IEC numbering"
Al,PVC,E,3,2.5,19.5,"IEC 60364-5-52:2009 Table B.52.11, method E, multi-core, 3 loaded conductors, values as reproduced in IS 732:2019 Table 30; IEC table number by the consistent IS-to-IEC numbering"
Al,PVC,E,2,4,31,"IEC 60364-5-52:2009 Table B.52.11, method E, multi-core, 2 loaded conductors, values as reproduced in IS 732:2019 Table 30; IEC table number by the consistent IS-to-IEC numbering"
Al,PVC,E,3,4,26,"IEC 60364-5-52:2009 Table B.52.11, method E, multi-core, 3 loaded conductors, values as reproduced in IS 732:2019 Table 30; IEC table number by the consistent IS-to-IEC numbering"
Al,PVC,E,2,6,39,"IEC 60364-5-52:2009 Table B.52.11, method E, multi-core, 2 loaded conductors, values as reproduced in IS 732:2019 Table 30; IEC table number by the consistent IS-to-IEC numbering"
Al,PVC,E,3,6,33,"IEC 60364-5-52:2009 Table B.52.11, method E, multi-core, 3 loaded conductors, values as reproduced in IS 732:2019 Table 30; IEC table number by the consistent IS-to-IEC numbering"
Al,PVC,E,2,10,54,"IEC 60364-5-52:2009 Table B.52.11, method E, multi-core, 2 loaded conductors, values as reproduced in IS 732:2019 Table 30; IEC table number by the consistent IS-to-IEC numbering"
Al,PVC,E,3,10,46,"IEC 60364-5-52:2009 Table B.52.11, method E, multi-core, 3 loaded conductors, values as reproduced in IS 732:2019 Table 30; IEC table number by the consistent IS-to-IEC numbering"
Al,PVC,E,2,16,73,"IEC 60364-5-52:2009 Table B.52.11, method E, multi-core, 2 loaded conductors, values as reproduced in IS 732:2019 Table 30; IEC table number by the consistent IS-to-IEC numbering"
Al,PVC,E,3,16,61,"IEC 60364-5-52:2009 Table B.52.11, method E, multi-core, 3 loaded conductors, values as reproduced in IS 732:2019 Table 30; IEC table number by the consistent IS-to-IEC numbering"
Al,PVC,E,2,25,89,"IEC 60364-5-52:2009 Table B.52.11, method E, multi-core, 2 loaded conductors, values as reproduced in IS 732:2019 Table 30; IEC table number by the consistent IS-to-IEC numbering"
Al,PVC,E,3,25,78,"IEC 60364-5-52:2009 Table B.52.11, method E, multi-core, 3 loaded conductors, values as reproduced in IS 732:2019 Table 30; IEC table number by the consistent IS-to-IEC numbering"
Al,PVC,E,2,35,111,"IEC 60364-5-52:2009 Table B.52.11, method E, multi-core, 2 loaded conductors, values as reproduced in IS 732:2019 Table 30; IEC table number by the consistent IS-to-IEC numbering"
Al,PVC,E,3,35,96,"IEC 60364-5-52:2009 Table B.52.11, method E, multi-core, 3 loaded conductors, values as reproduced in IS 732:2019 Table 30; IEC table number by the consistent IS-to-IEC numbering"
Al,PVC,E,2,50,135,"IEC 60364-5-52:2009 Table B.52.11, method E, multi-core, 2 loaded conductors, values as reproduced in IS 732:2019 Table 30; IEC table number by the consistent IS-to-IEC numbering"
Al,PVC,E,3,50,117,"IEC 60364-5-52:2009 Table B.52.11, method E, multi-core, 3 loaded conductors, values as reproduced in IS 732:2019 Table 30; IEC table number by the consistent IS-to-IEC numbering"
Al,PVC,E,2,70,173,"IEC 60364-5-52:2009 Table B.52.11, method E, multi-core, 2 loaded conductors, values as reproduced in IS 732:2019 Table 30; IEC table number by the consistent IS-to-IEC numbering"
Al,PVC,E,3,70,150,"IEC 60364-5-52:2009 Table B.52.11, method E, multi-core, 3 loaded conductors, values as reproduced in IS 732:2019 Table 30; IEC table number by the consistent IS-to-IEC numbering"
Al,PVC,E,2,95,210,"IEC 60364-5-52:2009 Table B.52.11, method E, multi-core, 2 loaded conductors, values as reproduced in IS 732:2019 Table 30; IEC table number by the consistent IS-to-IEC numbering"
Al,PVC,E,3,95,183,"IEC 60364-5-52:2009 Table B.52.11, method E, multi-core, 3 loaded conductors, values as reproduced in IS 732:2019 Table 30; IEC table number by the consistent IS-to-IEC numbering"
Al,PVC,E,2,120,244,"IEC 60364-5-52:2009 Table B.52.11, method E, multi-core, 2 loaded conductors, values as reproduced in IS 732:2019 Table 30; IEC table number by the consistent IS-to-IEC numbering"
Al,PVC,E,3,120,212,"IEC 60364-5-52:2009 Table B.52.11, method E, multi-core, 3 loaded conductors, values as reproduced in IS 732:2019 Table 30; IEC table number by the consistent IS-to-IEC numbering"
Al,PVC,E,2,150,282,"IEC 60364-5-52:2009 Table B.52.11, method E, multi-core, 2 loaded conductors, values as reproduced in IS 732:2019 Table 30; IEC table number by the consistent IS-to-IEC numbering"
Al,PVC,E,3,150,245,"IEC 60364-5-52:2009 Table B.52.11, method E, multi-core, 3 loaded conductors, values as reproduced in IS 732:2019 Table 30; IEC table number by the consistent IS-to-IEC numbering"
Al,PVC,E,2,185,322,"IEC 60364-5-52:2009 Table B.52.11, method E, multi-core, 2 loaded conductors, values as reproduced in IS 732:2019 Table 30; IEC table number by the consistent IS-to-IEC numbering"
Al,PVC,E,3,185,280,"IEC 60364-5-52:2009 Table B.52.11, method E, multi-core, 3 loaded conductors, values as reproduced in IS 732:2019 Table 30; IEC table number by the consistent IS-to-IEC numbering"
Al,PVC,E,2,240,380,"IEC 60364-5-52:2009 Table B.52.11, method E, multi-core, 2 loaded conductors, values as reproduced in IS 732:2019 Table 30; IEC table number by the consistent IS-to-IEC numbering"
Al,PVC,E,3,240,330,"IEC 60364-5-52:2009 Table B.52.11, method E, multi-core, 3 loaded conductors, values as reproduced in IS 732:2019 Table 30; IEC table number by the consistent IS-to-IEC numbering"
Al,PVC,E,2,300,439,"IEC 60364-5-52:2009 Table B.52.11, method E, multi-core, 2 loaded conductors, values as reproduced in IS 732:2019 Table 30; IEC table number by the consistent IS-to-IEC numbering"
Al,PVC,E,3,300,381,"IEC 60364-5-52:2009 Table B.52.11, method E, multi-core, 3 loaded conductors, values as reproduced in IS 732:2019 Table 30; IEC table number by the consistent IS-to-IEC numbering"
Cu,XLPE,E,2,1.5,26,"IEC 60364-5-52:2009 Table B.52.12, method E, multi-core, 2 loaded conductors, values as reproduced in IS 732:2019 Table 31"
Cu,XLPE,E,3,1.5,23,"IEC 60364-5-52:2009 Table B.52.12, method E, multi-core, 3 loaded conductors, values as reproduced in IS 732:2019 Table 31"
Cu,XLPE,E,2,2.5,36,"IEC 60364-5-52:2009 Table B.52.12, method E, multi-core, 2 loaded conductors, values as reproduced in IS 732:2019 Table 31"
Cu,XLPE,E,3,2.5,32,"IEC 60364-5-52:2009 Table B.52.12, method E, multi-core, 3 loaded conductors, values as reproduced in IS 732:2019 Table 31"
Cu,XLPE,E,2,4,49,"IEC 60364-5-52:2009 Table B.52.12, method E, multi-core, 2 loaded conductors, values as reproduced in IS 732:2019 Table 31"
Cu,XLPE,E,3,4,42,"IEC 60364-5-52:2009 Table B.52.12, method E, multi-core, 3 loaded conductors, values as reproduced in IS 732:2019 Table 31"
Cu,XLPE,E,2,6,63,"IEC 60364-5-52:2009 Table B.52.12, method E, multi-core, 2 loaded conductors, values as reproduced in IS 732:2019 Table 31"
Cu,XLPE,E,3,6,54,"IEC 60364-5-52:2009 Table B.52.12, method E, multi-core, 3 loaded conductors, values as reproduced in IS 732:2019 Table 31"
Cu,XLPE,E,2,10,86,"IEC 60364-5-52:2009 Table B.52.12, method E, multi-core, 2 loaded conductors, values as reproduced in IS 732:2019 Table 31"
Cu,XLPE,E,3,10,75,"IEC 60364-5-52:2009 Table B.52.12, method E, multi-core, 3 loaded conductors, values as reproduced in IS 732:2019 Table 31"
Cu,XLPE,E,2,16,115,"IEC 60364-5-52:2009 Table B.52.12, method E, multi-core, 2 loaded conductors, values as reproduced in IS 732:2019 Table 31"
Cu,XLPE,E,3,16,100,"IEC 60364-5-52:2009 Table B.52.12, method E, multi-core, 3 loaded conductors, values as reproduced in IS 732:2019 Table 31"
Cu,XLPE,E,2,25,149,"IEC 60364-5-52:2009 Table B.52.12, method E, multi-core, 2 loaded conductors, values as reproduced in IS 732:2019 Table 31"
Cu,XLPE,E,3,25,127,"IEC 60364-5-52:2009 Table B.52.12, method E, multi-core, 3 loaded conductors, values as reproduced in IS 732:2019 Table 31"
Cu,XLPE,E,2,35,185,"IEC 60364-5-52:2009 Table B.52.12, method E, multi-core, 2 loaded conductors, values as reproduced in IS 732:2019 Table 31"
Cu,XLPE,E,3,35,158,"IEC 60364-5-52:2009 Table B.52.12, method E, multi-core, 3 loaded conductors, values as reproduced in IS 732:2019 Table 31"
Cu,XLPE,E,2,50,225,"IEC 60364-5-52:2009 Table B.52.12, method E, multi-core, 2 loaded conductors, values as reproduced in IS 732:2019 Table 31"
Cu,XLPE,E,3,50,192,"IEC 60364-5-52:2009 Table B.52.12, method E, multi-core, 3 loaded conductors, values as reproduced in IS 732:2019 Table 31"
Cu,XLPE,E,2,70,289,"IEC 60364-5-52:2009 Table B.52.12, method E, multi-core, 2 loaded conductors, values as reproduced in IS 732:2019 Table 31"
Cu,XLPE,E,3,70,246,"IEC 60364-5-52:2009 Table B.52.12, method E, multi-core, 3 loaded conductors, values as reproduced in IS 732:2019 Table 31"
Cu,XLPE,E,2,95,352,"IEC 60364-5-52:2009 Table B.52.12, method E, multi-core, 2 loaded conductors, values as reproduced in IS 732:2019 Table 31"
Cu,XLPE,E,3,95,298,"IEC 60364-5-52:2009 Table B.52.12, method E, multi-core, 3 loaded conductors, values as reproduced in IS 732:2019 Table 31"
Cu,XLPE,E,2,120,410,"IEC 60364-5-52:2009 Table B.52.12, method E, multi-core, 2 loaded conductors, values as reproduced in IS 732:2019 Table 31"
Cu,XLPE,E,3,120,346,"IEC 60364-5-52:2009 Table B.52.12, method E, multi-core, 3 loaded conductors, values as reproduced in IS 732:2019 Table 31"
Cu,XLPE,E,2,150,473,"IEC 60364-5-52:2009 Table B.52.12, method E, multi-core, 2 loaded conductors, values as reproduced in IS 732:2019 Table 31"
Cu,XLPE,E,3,150,399,"IEC 60364-5-52:2009 Table B.52.12, method E, multi-core, 3 loaded conductors, values as reproduced in IS 732:2019 Table 31"
Cu,XLPE,E,2,185,542,"IEC 60364-5-52:2009 Table B.52.12, method E, multi-core, 2 loaded conductors, values as reproduced in IS 732:2019 Table 31"
Cu,XLPE,E,3,185,456,"IEC 60364-5-52:2009 Table B.52.12, method E, multi-core, 3 loaded conductors, values as reproduced in IS 732:2019 Table 31"
Cu,XLPE,E,2,240,641,"IEC 60364-5-52:2009 Table B.52.12, method E, multi-core, 2 loaded conductors, values as reproduced in IS 732:2019 Table 31"
Cu,XLPE,E,3,240,538,"IEC 60364-5-52:2009 Table B.52.12, method E, multi-core, 3 loaded conductors, values as reproduced in IS 732:2019 Table 31"
Cu,XLPE,E,2,300,741,"IEC 60364-5-52:2009 Table B.52.12, method E, multi-core, 2 loaded conductors, values as reproduced in IS 732:2019 Table 31"
Cu,XLPE,E,3,300,621,"IEC 60364-5-52:2009 Table B.52.12, method E, multi-core, 3 loaded conductors, values as reproduced in IS 732:2019 Table 31"
Al,XLPE,E,2,2.5,28,"IEC 60364-5-52:2009 Table B.52.13, method E, multi-core, 2 loaded conductors, values as reproduced in IS 732:2019 Table 32"
Al,XLPE,E,3,2.5,24,"IEC 60364-5-52:2009 Table B.52.13, method E, multi-core, 3 loaded conductors, values as reproduced in IS 732:2019 Table 32"
Al,XLPE,E,2,4,38,"IEC 60364-5-52:2009 Table B.52.13, method E, multi-core, 2 loaded conductors, values as reproduced in IS 732:2019 Table 32"
Al,XLPE,E,3,4,32,"IEC 60364-5-52:2009 Table B.52.13, method E, multi-core, 3 loaded conductors, values as reproduced in IS 732:2019 Table 32"
Al,XLPE,E,2,6,49,"IEC 60364-5-52:2009 Table B.52.13, method E, multi-core, 2 loaded conductors, values as reproduced in IS 732:2019 Table 32"
Al,XLPE,E,3,6,42,"IEC 60364-5-52:2009 Table B.52.13, method E, multi-core, 3 loaded conductors, values as reproduced in IS 732:2019 Table 32"
Al,XLPE,E,2,10,67,"IEC 60364-5-52:2009 Table B.52.13, method E, multi-core, 2 loaded conductors, values as reproduced in IS 732:2019 Table 32"
Al,XLPE,E,3,10,58,"IEC 60364-5-52:2009 Table B.52.13, method E, multi-core, 3 loaded conductors, values as reproduced in IS 732:2019 Table 32"
Al,XLPE,E,2,16,91,"IEC 60364-5-52:2009 Table B.52.13, method E, multi-core, 2 loaded conductors, values as reproduced in IS 732:2019 Table 32"
Al,XLPE,E,3,16,77,"IEC 60364-5-52:2009 Table B.52.13, method E, multi-core, 3 loaded conductors, values as reproduced in IS 732:2019 Table 32"
Al,XLPE,E,2,25,108,"IEC 60364-5-52:2009 Table B.52.13, method E, multi-core, 2 loaded conductors, values as reproduced in IS 732:2019 Table 32"
Al,XLPE,E,3,25,97,"IEC 60364-5-52:2009 Table B.52.13, method E, multi-core, 3 loaded conductors, values as reproduced in IS 732:2019 Table 32"
Al,XLPE,E,2,35,135,"IEC 60364-5-52:2009 Table B.52.13, method E, multi-core, 2 loaded conductors, values as reproduced in IS 732:2019 Table 32"
Al,XLPE,E,3,35,120,"IEC 60364-5-52:2009 Table B.52.13, method E, multi-core, 3 loaded conductors, values as reproduced in IS 732:2019 Table 32"
Al,XLPE,E,2,50,164,"IEC 60364-5-52:2009 Table B.52.13, method E, multi-core, 2 loaded conductors, values as reproduced in IS 732:2019 Table 32"
Al,XLPE,E,3,50,146,"IEC 60364-5-52:2009 Table B.52.13, method E, multi-core, 3 loaded conductors, values as reproduced in IS 732:2019 Table 32"
Al,XLPE,E,2,70,211,"IEC 60364-5-52:2009 Table B.52.13, method E, multi-core, 2 loaded conductors, values as reproduced in IS 732:2019 Table 32"
Al,XLPE,E,3,70,187,"IEC 60364-5-52:2009 Table B.52.13, method E, multi-core, 3 loaded conductors, values as reproduced in IS 732:2019 Table 32"
Al,XLPE,E,2,95,257,"IEC 60364-5-52:2009 Table B.52.13, method E, multi-core, 2 loaded conductors, values as reproduced in IS 732:2019 Table 32"
Al,XLPE,E,3,95,227,"IEC 60364-5-52:2009 Table B.52.13, method E, multi-core, 3 loaded conductors, values as reproduced in IS 732:2019 Table 32"
Al,XLPE,E,2,120,300,"IEC 60364-5-52:2009 Table B.52.13, method E, multi-core, 2 loaded conductors, values as reproduced in IS 732:2019 Table 32"
Al,XLPE,E,3,120,263,"IEC 60364-5-52:2009 Table B.52.13, method E, multi-core, 3 loaded conductors, values as reproduced in IS 732:2019 Table 32"
Al,XLPE,E,2,150,346,"IEC 60364-5-52:2009 Table B.52.13, method E, multi-core, 2 loaded conductors, values as reproduced in IS 732:2019 Table 32"
Al,XLPE,E,3,150,304,"IEC 60364-5-52:2009 Table B.52.13, method E, multi-core, 3 loaded conductors, values as reproduced in IS 732:2019 Table 32"
Al,XLPE,E,2,185,397,"IEC 60364-5-52:2009 Table B.52.13, method E, multi-core, 2 loaded conductors, values as reproduced in IS 732:2019 Table 32"
Al,XLPE,E,3,185,347,"IEC 60364-5-52:2009 Table B.52.13, method E, multi-core, 3 loaded conductors, values as reproduced in IS 732:2019 Table 32"
Al,XLPE,E,2,240,470,"IEC 60364-5-52:2009 Table B.52.13, method E, multi-core, 2 loaded conductors, values as reproduced in IS 732:2019 Table 32"
Al,XLPE,E,3,240,409,"IEC 60364-5-52:2009 Table B.52.13, method E, multi-core, 3 loaded conductors, values as reproduced in IS 732:2019 Table 32"
Al,XLPE,E,2,300,543,"IEC 60364-5-52:2009 Table B.52.13, method E, multi-core, 2 loaded conductors, values as reproduced in IS 732:2019 Table 32"
Al,XLPE,E,3,300,471,"IEC 60364-5-52:2009 Table B.52.13, method E, multi-core, 3 loaded conductors, values as reproduced in IS 732:2019 Table 32"
